-- corso di laurea
INSERT INTO CORSO_LAUREA(CODICE_CORSO, TIPO, CAPIENZA, NOME) VALUES  
('0124', 'TRIENNALE', 180, 'INFORMATICA');

INSERT INTO CORSO_LAUREA(CODICE_CORSO, TIPO, CAPIENZA, NOME) VALUES  
('0332', 'TRIENNALE', 180, 'INGEGNERIA CIVILE E AMBIENTALE PER LA MITIGAZIONE DEI RISCHI');

INSERT INTO CORSO_LAUREA(CODICE_CORSO, TIPO, CAPIENZA, NOME) VALUES  
('0328', 'TRIENNALE', 300, 'INGEGNERIA GESTIONALE');

INSERT INTO CORSO_LAUREA(CODICE_CORSO, TIPO, CAPIENZA, NOME) VALUES  
('0327', 'TRIENNALE', 300, 'INGEGNERIA INFORMATICA, BIOMEDICA E DELLE TELECOMUNICAZIONI');

INSERT INTO CORSO_LAUREA(CODICE_CORSO, TIPO, CAPIENZA, NOME) VALUES  
('0123', 'TRIENNALE', 180, 'SCIENZE BIOLOGICHE');

INSERT INTO CORSO_LAUREA(CODICE_CORSO, TIPO, CAPIENZA, NOME) VALUES  
('0512', 'TRIENNALE', 180, 'SCIENZE MOTORIE');

INSERT INTO CORSO_LAUREA(CODICE_CORSO, TIPO, CAPIENZA, NOME) VALUES  
('0122', 'TRIENNALE', 300, 'SCIENZE NAUTICHE, AERONAUTICHE E METEO-OCEANOGRAFICHE');

INSERT INTO CORSO_LAUREA(CODICE_CORSO, TIPO, CAPIENZA, NOME) VALUES  
('0126', 'MAGISTRALE', 300, 'BIOLOGIA PER LA SOSTENIBILITA');

INSERT INTO CORSO_LAUREA(CODICE_CORSO, TIPO, CAPIENZA, NOME) VALUES  
('0120', 'MAGISTRALE', 180, 'INFORMATICA APPLICATA(MACHINE LEARNING E BIG DATA');

INSERT INTO CORSO_LAUREA(CODICE_CORSO, TIPO, CAPIENZA, NOME) VALUES  
('0331', 'MAGISTRALE', 300, 'INGEGNERIA CIVILE E PER LA TUTELA DELL''AMBIENTE COSTIERO');

INSERT INTO CORSO_LAUREA(CODICE_CORSO, TIPO, CAPIENZA, NOME) VALUES  
('0330', 'MAGISTRALE', 300, 'INGEGNERIA DELLA SICUREZZA DEI DATI E DELLE COMUNICAZIONI');

INSERT INTO CORSO_LAUREA(CODICE_CORSO, TIPO, CAPIENZA, NOME) VALUES  
('0326', 'MAGISTRALE', 300, 'INGEGNERIA GESTIONALE');

INSERT INTO CORSO_LAUREA(CODICE_CORSO, TIPO, CAPIENZA, NOME) VALUES  
('0515', 'MAGISTRALE', 180, 'SCIENZE E MANAGEMENT DELLO SPORT E DELLE ATTIVITA''MOTORIE');

INSERT INTO CORSO_LAUREA(CODICE_CORSO, TIPO, CAPIENZA, NOME) VALUES  
('0121', 'MAGISTRALE', 180, 'SCIENZE E TECNOLOGIE DELLA NAVIGAZIONE');

INSERT INTO CORSO_LAUREA(CODICE_CORSO, TIPO, CAPIENZA, NOME) VALUES  
('0514', 'MAGISTRALE', 180, 'SCIENZE MOTORIE PER LA PREVENZIONE ED IL BENESSERE');

INSERT INTO CORSO_LAUREA(CODICE_CORSO, TIPO, CAPIENZA, NOME) VALUES  
('0125', 'TRIENNALE', 180, 'CONDUZIONE DEL MEZZO NAVALE');


-- insegnamento
INSERT INTO INSEGNAMENTO(CODICE_INSEGNAMENTO, NOME) VALUES  
('SNN', 'SICUREZZA DELLA NAVE E DELLA NAVIGAZIONE');

INSERT INTO INSEGNAMENTO(CODICE_INSEGNAMENTO, NOME) VALUES  
('ASD', 'ALGORITMI E STRUTTURE DATI E LABORATORIO');

INSERT INTO INSEGNAMENTO(CODICE_INSEGNAMENTO, NOME) VALUES  
('BD', 'BASI DI DATI E LABORATORIO');

INSERT INTO INSEGNAMENTO(CODICE_INSEGNAMENTO, NOME) VALUES  
('BIOC', 'BIOCHIMICA E LABORATORIO');

INSERT INTO INSEGNAMENTO(CODICE_INSEGNAMENTO, NOME) VALUES  
('CHIMG', 'CHIMICA GENERALE E LABORATORIO');

INSERT INTO INSEGNAMENTO(CODICE_INSEGNAMENTO, NOME) VALUES  
('OCEA', 'OCEANOGRAFIA');

INSERT INTO INSEGNAMENTO(CODICE_INSEGNAMENTO, NOME) VALUES  
('METEO', 'METEOROLOGIA');

INSERT INTO INSEGNAMENTO(CODICE_INSEGNAMENTO, NOME) VALUES  
('MACL', 'MACHINE LEARNING');

INSERT INTO INSEGNAMENTO(CODICE_INSEGNAMENTO, NOME) VALUES  
('COMG', 'COMPUTER GRAPHICS');

INSERT INTO INSEGNAMENTO(CODICE_INSEGNAMENTO, NOME) VALUES  
('BIODIV', 'BIODIVERSITA E INDICATORI BIOLOGICI');

INSERT INTO INSEGNAMENTO(CODICE_INSEGNAMENTO, NOME) VALUES  
('METEOA', 'METEOROLOGIA AVANZATA');

INSERT INTO INSEGNAMENTO(CODICE_INSEGNAMENTO, NOME) VALUES  
('NAVSAT', 'NAVIGAZIONE SATELLITARE');

INSERT INTO INSEGNAMENTO(CODICE_INSEGNAMENTO, NOME) VALUES  
('MICROB', 'MICROBIOLOGIA');

INSERT INTO INSEGNAMENTO(CODICE_INSEGNAMENTO, NOME) VALUES  
('SCIES', 'SCIENZA DEL SUOLO');

INSERT INTO INSEGNAMENTO(CODICE_INSEGNAMENTO, NOME) VALUES  
('IMPE', 'IMPIANTI ELETTRICI');

INSERT INTO INSEGNAMENTO(CODICE_INSEGNAMENTO, NOME) VALUES  
('MACC', 'MACCHINE');

INSERT INTO INSEGNAMENTO(CODICE_INSEGNAMENTO, NOME) VALUES  
('IDRA', 'IDRAULICA');

INSERT INTO INSEGNAMENTO(CODICE_INSEGNAMENTO, NOME) VALUES  
('CIDRA', 'COSTRUZIONI IDRAULICHE');

INSERT INTO INSEGNAMENTO(CODICE_INSEGNAMENTO, NOME) VALUES  
('PROGCE', 'PROGRAMMAZIONE DEI CALCOLATORI ELETTRONICI');

INSERT INTO INSEGNAMENTO(CODICE_INSEGNAMENTO, NOME) VALUES  
('ELETT', 'ELETTRONICA');

INSERT INTO INSEGNAMENTO(CODICE_INSEGNAMENTO, NOME) VALUES  
('OCEAC', 'OCEANOGRAFIA COSTIERA');

INSERT INTO INSEGNAMENTO(CODICE_INSEGNAMENTO, NOME) VALUES  
('ENED', 'ENERGETICA DEGLI EDIFICI');

INSERT INTO INSEGNAMENTO(CODICE_INSEGNAMENTO, NOME) VALUES  
('RTI', 'RETI DI TELECOMUNICAZIONI E INTERNET');

INSERT INTO INSEGNAMENTO(CODICE_INSEGNAMENTO, NOME) VALUES  
('TI', 'TEORIA DELL''INFORMAZIONE');

INSERT INTO INSEGNAMENTO(CODICE_INSEGNAMENTO, NOME) VALUES  
('GSE', 'GESTIONE DEI SISTEMI ENERGETICI');

INSERT INTO INSEGNAMENTO(CODICE_INSEGNAMENTO, NOME) VALUES  
('AI', 'AUTOMAZIONE INDUSTRIALE');

INSERT INTO INSEGNAMENTO(CODICE_INSEGNAMENTO, NOME) VALUES  
('END', 'ENDOCRINOLOGIA');

INSERT INTO INSEGNAMENTO(CODICE_INSEGNAMENTO, NOME) VALUES  
('NEU', 'NEUROLOGIA');

INSERT INTO INSEGNAMENTO(CODICE_INSEGNAMENTO, NOME) VALUES  
('AEA', 'AGONISMO ED EDUCAZIONE IN ADOLESCENZA');

INSERT INTO INSEGNAMENTO(CODICE_INSEGNAMENTO, NOME) VALUES  
('BPAS', 'BUSINESS PLAN DELLE AZIENDE SPORTIVE');

INSERT INTO INSEGNAMENTO(CODICE_INSEGNAMENTO, NOME) VALUES  
('FISGE', 'FISIOPATOLOGIA GENERALE APPLICATA ALLE SCIENZE MOTORIE');

INSERT INTO INSEGNAMENTO(CODICE_INSEGNAMENTO, NOME) VALUES  
('MMSD', 'MECCANISMI MOLECOLARI DELLE SOSTANZE DOPANTI');


-- offerta insegnamento
INSERT INTO OFFERTA_INSEGNAMENTO(CODICE_INSEGNAMENTO, CODICE_CORSO, CORSO_PRINCIPALE) VALUES  
('ASD', '0124', 'Y');

INSERT INTO OFFERTA_INSEGNAMENTO(CODICE_INSEGNAMENTO, CODICE_CORSO, CORSO_PRINCIPALE) VALUES  
('BD', '0124', 'Y');

INSERT INTO OFFERTA_INSEGNAMENTO(CODICE_INSEGNAMENTO, CODICE_CORSO, CORSO_PRINCIPALE) VALUES  
('METEO', '0125', 'N');

INSERT INTO OFFERTA_INSEGNAMENTO(CODICE_INSEGNAMENTO, CODICE_CORSO, CORSO_PRINCIPALE) VALUES  
('SNN', '0125', 'N');

INSERT INTO OFFERTA_INSEGNAMENTO(CODICE_INSEGNAMENTO, CODICE_CORSO, CORSO_PRINCIPALE) VALUES  
('BIOC', '0123', 'Y');

INSERT INTO OFFERTA_INSEGNAMENTO(CODICE_INSEGNAMENTO, CODICE_CORSO, CORSO_PRINCIPALE) VALUES  
('CHIMG', '0123', 'Y');

INSERT INTO OFFERTA_INSEGNAMENTO(CODICE_INSEGNAMENTO, CODICE_CORSO, CORSO_PRINCIPALE) VALUES  
('METEO', '0122', 'Y');

INSERT INTO OFFERTA_INSEGNAMENTO(CODICE_INSEGNAMENTO, CODICE_CORSO, CORSO_PRINCIPALE) VALUES  
('OCEA', '0122', 'Y');

INSERT INTO OFFERTA_INSEGNAMENTO(CODICE_INSEGNAMENTO, CODICE_CORSO, CORSO_PRINCIPALE) VALUES  
('MACL', '0120', 'Y');

INSERT INTO OFFERTA_INSEGNAMENTO(CODICE_INSEGNAMENTO, CODICE_CORSO, CORSO_PRINCIPALE) VALUES  
('COMG', '0120', 'Y');

INSERT INTO OFFERTA_INSEGNAMENTO(CODICE_INSEGNAMENTO, CODICE_CORSO, CORSO_PRINCIPALE) VALUES  
('BIODIV', '0126', 'Y');

INSERT INTO OFFERTA_INSEGNAMENTO(CODICE_INSEGNAMENTO, CODICE_CORSO, CORSO_PRINCIPALE) VALUES  
('METEOA', '0121', 'Y');

INSERT INTO OFFERTA_INSEGNAMENTO(CODICE_INSEGNAMENTO, CODICE_CORSO, CORSO_PRINCIPALE) VALUES  
('NAVSAT', '0121', 'N');

INSERT INTO OFFERTA_INSEGNAMENTO(CODICE_INSEGNAMENTO, CODICE_CORSO, CORSO_PRINCIPALE) VALUES  
('MICROB', '0126', 'Y');

INSERT INTO OFFERTA_INSEGNAMENTO(CODICE_INSEGNAMENTO, CODICE_CORSO, CORSO_PRINCIPALE) VALUES  
('SCIES', '0126', 'N');

INSERT INTO OFFERTA_INSEGNAMENTO(CODICE_INSEGNAMENTO, CODICE_CORSO, CORSO_PRINCIPALE) VALUES  
('IMPE', '0328', 'Y');

INSERT INTO OFFERTA_INSEGNAMENTO(CODICE_INSEGNAMENTO, CODICE_CORSO, CORSO_PRINCIPALE) VALUES  
('MACC', '0328', 'N');

INSERT INTO OFFERTA_INSEGNAMENTO(CODICE_INSEGNAMENTO, CODICE_CORSO, CORSO_PRINCIPALE) VALUES  
('IDRA', '0332', 'Y');

INSERT INTO OFFERTA_INSEGNAMENTO(CODICE_INSEGNAMENTO, CODICE_CORSO, CORSO_PRINCIPALE) VALUES  
('CIDRA', '0332', 'N');

INSERT INTO OFFERTA_INSEGNAMENTO(CODICE_INSEGNAMENTO, CODICE_CORSO, CORSO_PRINCIPALE) VALUES  
('PROGCE', '0326', 'Y');

INSERT INTO OFFERTA_INSEGNAMENTO(CODICE_INSEGNAMENTO, CODICE_CORSO, CORSO_PRINCIPALE) VALUES  
('ELETT', '0326', 'N');

INSERT INTO OFFERTA_INSEGNAMENTO(CODICE_INSEGNAMENTO, CODICE_CORSO, CORSO_PRINCIPALE) VALUES  
('OCEAC', '0331', 'Y');

INSERT INTO OFFERTA_INSEGNAMENTO(CODICE_INSEGNAMENTO, CODICE_CORSO, CORSO_PRINCIPALE) VALUES  
('ENED', '0331', 'Y');

INSERT INTO OFFERTA_INSEGNAMENTO(CODICE_INSEGNAMENTO, CODICE_CORSO, CORSO_PRINCIPALE) VALUES  
('RTI', '0330', 'Y');

INSERT INTO OFFERTA_INSEGNAMENTO(CODICE_INSEGNAMENTO, CODICE_CORSO, CORSO_PRINCIPALE) VALUES  
('TI', '0330', 'Y');

INSERT INTO OFFERTA_INSEGNAMENTO(CODICE_INSEGNAMENTO, CODICE_CORSO, CORSO_PRINCIPALE) VALUES  
('GSE', '0332', 'Y');

INSERT INTO OFFERTA_INSEGNAMENTO(CODICE_INSEGNAMENTO, CODICE_CORSO, CORSO_PRINCIPALE) VALUES  
('AI', '0332', 'Y');

INSERT INTO OFFERTA_INSEGNAMENTO(CODICE_INSEGNAMENTO, CODICE_CORSO, CORSO_PRINCIPALE) VALUES  
('END', '0512', 'N');

INSERT INTO OFFERTA_INSEGNAMENTO(CODICE_INSEGNAMENTO, CODICE_CORSO, CORSO_PRINCIPALE) VALUES  
('NEU', '0512', 'Y');

INSERT INTO OFFERTA_INSEGNAMENTO(CODICE_INSEGNAMENTO, CODICE_CORSO, CORSO_PRINCIPALE) VALUES  
('AEA', '0515', 'Y');

INSERT INTO OFFERTA_INSEGNAMENTO(CODICE_INSEGNAMENTO, CODICE_CORSO, CORSO_PRINCIPALE) VALUES  
('BPAS', '0515', 'Y');

INSERT INTO OFFERTA_INSEGNAMENTO(CODICE_INSEGNAMENTO, CODICE_CORSO, CORSO_PRINCIPALE) VALUES  
('FISGE', '0514', 'Y');

INSERT INTO OFFERTA_INSEGNAMENTO(CODICE_INSEGNAMENTO, CODICE_CORSO, CORSO_PRINCIPALE) VALUES  
('MMSD', '0514', 'Y');

INSERT INTO OFFERTA_INSEGNAMENTO(CODICE_INSEGNAMENTO, CODICE_CORSO, CORSO_PRINCIPALE) VALUES  
('ASD', '0327', 'N');

INSERT INTO OFFERTA_INSEGNAMENTO(CODICE_INSEGNAMENTO, CODICE_CORSO, CORSO_PRINCIPALE) VALUES  
('BIOC', '0327', 'N');


-- edizione insegnamento
INSERT INTO EDIZIONE_INSEGNAMENTO(CODICE_INSEGNAMENTO, ANNO_ACCADEMICO, SEMESTRE, ANNO_CORSO, CFU, SVOLGIMENTO) VALUES  
('ASD', TO_DATE('2019','YYYY'), 'PRIMO', 1, 12, 'TELEMATICA');

INSERT INTO EDIZIONE_INSEGNAMENTO(CODICE_INSEGNAMENTO, ANNO_ACCADEMICO, SEMESTRE, ANNO_CORSO, CFU, SVOLGIMENTO) VALUES  
('SNN', TO_DATE('2019','YYYY'), 'PRIMO', 1, 12, 'PRESENZA');

INSERT INTO EDIZIONE_INSEGNAMENTO(CODICE_INSEGNAMENTO, ANNO_ACCADEMICO, SEMESTRE, ANNO_CORSO, CFU, SVOLGIMENTO) VALUES  
('BD', TO_DATE('2019','YYYY'), 'SECONDO', 1,  9, 'TELEMATICA');

INSERT INTO EDIZIONE_INSEGNAMENTO(CODICE_INSEGNAMENTO, ANNO_ACCADEMICO, SEMESTRE, ANNO_CORSO, CFU, SVOLGIMENTO) VALUES  
('BIOC', TO_DATE('2019','YYYY'), 'PRIMO', 1, 12, 'PRESENZA');

INSERT INTO EDIZIONE_INSEGNAMENTO(CODICE_INSEGNAMENTO, ANNO_ACCADEMICO, SEMESTRE, ANNO_CORSO, CFU, SVOLGIMENTO) VALUES  
('CHIMG', TO_DATE('2019','YYYY'), 'PRIMO', 1, 9, 'PRESENZA');

INSERT INTO EDIZIONE_INSEGNAMENTO(CODICE_INSEGNAMENTO, ANNO_ACCADEMICO, SEMESTRE, ANNO_CORSO, CFU, SVOLGIMENTO) VALUES  
('OCEA', TO_DATE('2019','YYYY'), 'SECONDO', 1, 12, 'PRESENZA');

INSERT INTO EDIZIONE_INSEGNAMENTO(CODICE_INSEGNAMENTO, ANNO_ACCADEMICO, SEMESTRE, ANNO_CORSO, CFU, SVOLGIMENTO) VALUES  
('METEO', TO_DATE('2019','YYYY'), 'PRIMO', 1, 9, 'TELEMATICA');

INSERT INTO EDIZIONE_INSEGNAMENTO(CODICE_INSEGNAMENTO, ANNO_ACCADEMICO, SEMESTRE, ANNO_CORSO, CFU, SVOLGIMENTO) VALUES  
('MACL', TO_DATE('2019','YYYY'), 'PRIMO', 1, 12, 'PRESENZA');

INSERT INTO EDIZIONE_INSEGNAMENTO(CODICE_INSEGNAMENTO, ANNO_ACCADEMICO, SEMESTRE, ANNO_CORSO, CFU, SVOLGIMENTO) VALUES  
('COMG', TO_DATE('2019','YYYY'), 'SECONDO', 1, 9, 'TELEMATICA');

INSERT INTO EDIZIONE_INSEGNAMENTO(CODICE_INSEGNAMENTO, ANNO_ACCADEMICO, SEMESTRE, ANNO_CORSO, CFU, SVOLGIMENTO) VALUES  
('BIODIV', TO_DATE('2019','YYYY'), 'SECONDO', 1, 9, 'TELEMATICA');

INSERT INTO EDIZIONE_INSEGNAMENTO(CODICE_INSEGNAMENTO, ANNO_ACCADEMICO, SEMESTRE, ANNO_CORSO, CFU, SVOLGIMENTO) VALUES  
('METEOA', TO_DATE('2019','YYYY'), 'SECONDO', 1, 9, 'PRESENZA');

INSERT INTO EDIZIONE_INSEGNAMENTO(CODICE_INSEGNAMENTO, ANNO_ACCADEMICO, SEMESTRE, ANNO_CORSO, CFU, SVOLGIMENTO) VALUES  
('NAVSAT', TO_DATE('2019','YYYY'), 'PRIMO', 1, 6, 'TELEMATICA');

INSERT INTO EDIZIONE_INSEGNAMENTO(CODICE_INSEGNAMENTO, ANNO_ACCADEMICO, SEMESTRE, ANNO_CORSO, CFU, SVOLGIMENTO) VALUES  
('MICROB', TO_DATE('2019','YYYY'), 'PRIMO', 1, 12, 'TELEMATICA');

INSERT INTO EDIZIONE_INSEGNAMENTO(CODICE_INSEGNAMENTO, ANNO_ACCADEMICO, SEMESTRE, ANNO_CORSO, CFU, SVOLGIMENTO) VALUES  
('SCIES', TO_DATE('2019','YYYY'), 'SECONDO', 1, 12, 'TELEMATICA');

INSERT INTO EDIZIONE_INSEGNAMENTO(CODICE_INSEGNAMENTO, ANNO_ACCADEMICO, SEMESTRE, ANNO_CORSO, CFU, SVOLGIMENTO) VALUES  
('IMPE', TO_DATE('2019','YYYY'), 'SECONDO', 1, 9, 'PRESENZA');

INSERT INTO EDIZIONE_INSEGNAMENTO(CODICE_INSEGNAMENTO, ANNO_ACCADEMICO, SEMESTRE, ANNO_CORSO, CFU, SVOLGIMENTO) VALUES  
('MACC', TO_DATE('2019','YYYY'), 'SECONDO', 1, 6, 'PRESENZA');

INSERT INTO EDIZIONE_INSEGNAMENTO(CODICE_INSEGNAMENTO, ANNO_ACCADEMICO, SEMESTRE, ANNO_CORSO, CFU, SVOLGIMENTO) VALUES  
('IDRA', TO_DATE('2019','YYYY'), 'PRIMO', 1, 9, 'TELEMATICA');

INSERT INTO EDIZIONE_INSEGNAMENTO(CODICE_INSEGNAMENTO, ANNO_ACCADEMICO, SEMESTRE, ANNO_CORSO, CFU, SVOLGIMENTO) VALUES  
('CIDRA', TO_DATE('2019','YYYY'), 'SECONDO', 1, 12, 'PRESENZA');

INSERT INTO EDIZIONE_INSEGNAMENTO(CODICE_INSEGNAMENTO, ANNO_ACCADEMICO, SEMESTRE, ANNO_CORSO, CFU, SVOLGIMENTO) VALUES  
('PROGCE', TO_DATE('2019','YYYY'), 'PRIMO', 1, 6, 'PRESENZA');

INSERT INTO EDIZIONE_INSEGNAMENTO(CODICE_INSEGNAMENTO, ANNO_ACCADEMICO, SEMESTRE, ANNO_CORSO, CFU, SVOLGIMENTO) VALUES  
('ELETT', TO_DATE('2019','YYYY'), 'SECONDO', 1, 9, 'PRESENZA');

INSERT INTO EDIZIONE_INSEGNAMENTO(CODICE_INSEGNAMENTO, ANNO_ACCADEMICO, SEMESTRE, ANNO_CORSO, CFU, SVOLGIMENTO) VALUES  
('OCEAC', TO_DATE('2019','YYYY'), 'PRIMO', 1, 9, 'TELEMATICA');

INSERT INTO EDIZIONE_INSEGNAMENTO(CODICE_INSEGNAMENTO, ANNO_ACCADEMICO, SEMESTRE, ANNO_CORSO, CFU, SVOLGIMENTO) VALUES  
('ENED', TO_DATE('2019','YYYY'), 'PRIMO', 1, 12, 'PRESENZA');

INSERT INTO EDIZIONE_INSEGNAMENTO(CODICE_INSEGNAMENTO, ANNO_ACCADEMICO, SEMESTRE, ANNO_CORSO, CFU, SVOLGIMENTO) VALUES  
('RTI', TO_DATE('2019','YYYY'), 'PRIMO', 1, 3, 'PRESENZA');

INSERT INTO EDIZIONE_INSEGNAMENTO(CODICE_INSEGNAMENTO, ANNO_ACCADEMICO, SEMESTRE, ANNO_CORSO, CFU, SVOLGIMENTO) VALUES  
('TI', TO_DATE('2019','YYYY'), 'PRIMO', 1, 3, 'PRESENZA');

INSERT INTO EDIZIONE_INSEGNAMENTO(CODICE_INSEGNAMENTO, ANNO_ACCADEMICO, SEMESTRE, ANNO_CORSO, CFU, SVOLGIMENTO) VALUES  
('GSE', TO_DATE('2019','YYYY'), 'SECONDO', 1, 9, 'PRESENZA');

INSERT INTO EDIZIONE_INSEGNAMENTO(CODICE_INSEGNAMENTO, ANNO_ACCADEMICO, SEMESTRE, ANNO_CORSO, CFU, SVOLGIMENTO) VALUES  
('AI', TO_DATE('2019','YYYY'), 'PRIMO', 1, 12, 'PRESENZA');

INSERT INTO EDIZIONE_INSEGNAMENTO(CODICE_INSEGNAMENTO, ANNO_ACCADEMICO, SEMESTRE, ANNO_CORSO, CFU, SVOLGIMENTO) VALUES  
('END', TO_DATE('2019','YYYY'), 'PRIMO', 1, 6, 'PRESENZA');

INSERT INTO EDIZIONE_INSEGNAMENTO(CODICE_INSEGNAMENTO, ANNO_ACCADEMICO, SEMESTRE, ANNO_CORSO, CFU, SVOLGIMENTO) VALUES  
('NEU', TO_DATE('2019','YYYY'), 'SECONDO', 1, 9, 'PRESENZA');

INSERT INTO EDIZIONE_INSEGNAMENTO(CODICE_INSEGNAMENTO, ANNO_ACCADEMICO, SEMESTRE, ANNO_CORSO, CFU, SVOLGIMENTO) VALUES  
('AEA', TO_DATE('2019','YYYY'), 'PRIMO', 1, 3, 'PRESENZA');

INSERT INTO EDIZIONE_INSEGNAMENTO(CODICE_INSEGNAMENTO, ANNO_ACCADEMICO, SEMESTRE, ANNO_CORSO, CFU, SVOLGIMENTO) VALUES  
('BPAS', TO_DATE('2019','YYYY'), 'PRIMO', 1, 12, 'TELEMATICA');

INSERT INTO EDIZIONE_INSEGNAMENTO(CODICE_INSEGNAMENTO, ANNO_ACCADEMICO, SEMESTRE, ANNO_CORSO, CFU, SVOLGIMENTO) VALUES  
('FISGE', TO_DATE('2019','YYYY'), 'PRIMO', 1, 12, 'PRESENZA');

INSERT INTO EDIZIONE_INSEGNAMENTO(CODICE_INSEGNAMENTO, ANNO_ACCADEMICO, SEMESTRE, ANNO_CORSO, CFU, SVOLGIMENTO) VALUES  
('MMSD', TO_DATE('2019','YYYY'), 'SECONDO', 1, 9, 'TELEMATICA');


-- orario lezioni
INSERT INTO ORARIO_LEZIONI(GIORNO_E_ORA, ANNO_ACCADEMICO, CODICE_INSEGNAMENTO) VALUES  
(TO_DATE('01/10/2019 10:00:00', 'DD/MM/YYYY hh24:mi:ss'),TO_DATE('2019','YYYY'),'SNN') 
;
INSERT INTO ORARIO_LEZIONI(GIORNO_E_ORA, ANNO_ACCADEMICO, CODICE_INSEGNAMENTO) VALUES  
(TO_DATE('01/10/2019 10:00:00', 'DD/MM/YYYY hh24:mi:ss'),TO_DATE('2019','YYYY'),'ASD');

INSERT INTO ORARIO_LEZIONI(GIORNO_E_ORA, ANNO_ACCADEMICO, CODICE_INSEGNAMENTO) VALUES  
(TO_DATE('10/10/2019 10:00:00', 'DD/MM/YYYY hh24:mi:ss'),TO_DATE('2019','YYYY'),'BD');

INSERT INTO ORARIO_LEZIONI(GIORNO_E_ORA, ANNO_ACCADEMICO, CODICE_INSEGNAMENTO) VALUES  
(TO_DATE('01/10/2019 10:00:00', 'DD/MM/YYYY hh24:mi:ss'),TO_DATE('2019','YYYY'),'BIOC');

INSERT INTO ORARIO_LEZIONI(GIORNO_E_ORA, ANNO_ACCADEMICO, CODICE_INSEGNAMENTO) VALUES  
(TO_DATE('10/10/2019 10:00:00', 'DD/MM/YYYY hh24:mi:ss'),TO_DATE('2019','YYYY'), 'CHIMG');

INSERT INTO ORARIO_LEZIONI(GIORNO_E_ORA, ANNO_ACCADEMICO, CODICE_INSEGNAMENTO) VALUES  
(TO_DATE('01/10/2019 10:00:00', 'DD/MM/YYYY hh24:mi:ss'), TO_DATE('2019','YYYY'),'OCEA');

INSERT INTO ORARIO_LEZIONI(GIORNO_E_ORA, ANNO_ACCADEMICO, CODICE_INSEGNAMENTO) VALUES  
(TO_DATE('10/10/2019 10:00:00', 'DD/MM/YYYY hh24:mi:ss'),TO_DATE('2019','YYYY'),'METEO');

INSERT INTO ORARIO_LEZIONI(GIORNO_E_ORA, ANNO_ACCADEMICO, CODICE_INSEGNAMENTO) VALUES  
(TO_DATE('01/10/2019 10:00:00', 'DD/MM/YYYY hh24:mi:ss'),TO_DATE('2019','YYYY'), 'MACL');

INSERT INTO ORARIO_LEZIONI(GIORNO_E_ORA, ANNO_ACCADEMICO, CODICE_INSEGNAMENTO) VALUES  
(TO_DATE('10/10/2019 10:00:00', 'DD/MM/YYYY hh24:mi:ss'),TO_DATE('2019','YYYY'),'COMG');

INSERT INTO ORARIO_LEZIONI(GIORNO_E_ORA, ANNO_ACCADEMICO, CODICE_INSEGNAMENTO) VALUES  
(TO_DATE('01/10/2019 10:00:00', 'DD/MM/YYYY hh24:mi:ss'),TO_DATE('2019','YYYY'),'BIODIV');

INSERT INTO ORARIO_LEZIONI(GIORNO_E_ORA, ANNO_ACCADEMICO, CODICE_INSEGNAMENTO) VALUES  
(TO_DATE('11/10/2019 10:00:00', 'DD/MM/YYYY hh24:mi:ss'),TO_DATE('2019','YYYY'),'METEOA');

INSERT INTO ORARIO_LEZIONI(GIORNO_E_ORA, ANNO_ACCADEMICO, CODICE_INSEGNAMENTO) VALUES  
(TO_DATE('10/10/2019 10:00:00', 'DD/MM/YYYY hh24:mi:ss'),TO_DATE('2019','YYYY'),'NAVSAT');

INSERT INTO ORARIO_LEZIONI(GIORNO_E_ORA, ANNO_ACCADEMICO, CODICE_INSEGNAMENTO) VALUES  
(TO_DATE('01/10/2019 10:00:00', 'DD/MM/YYYY hh24:mi:ss'),TO_DATE('2019','YYYY'), 'MICROB');

INSERT INTO ORARIO_LEZIONI(GIORNO_E_ORA, ANNO_ACCADEMICO, CODICE_INSEGNAMENTO) VALUES  
(TO_DATE('10/10/2019 10:00:00', 'DD/MM/YYYY hh24:mi:ss'),TO_DATE('2019','YYYY'),'SCIES');

INSERT INTO ORARIO_LEZIONI(GIORNO_E_ORA, ANNO_ACCADEMICO, CODICE_INSEGNAMENTO) VALUES  
(TO_DATE('01/10/2019 10:00:00', 'DD/MM/YYYY hh24:mi:ss'),TO_DATE('2019','YYYY'),'IMPE');

INSERT INTO ORARIO_LEZIONI(GIORNO_E_ORA, ANNO_ACCADEMICO, CODICE_INSEGNAMENTO) VALUES  
(TO_DATE('10/10/2019 10:00:00', 'DD/MM/YYYY hh24:mi:ss'),TO_DATE('2019','YYYY'),'MACC');

INSERT INTO ORARIO_LEZIONI(GIORNO_E_ORA, ANNO_ACCADEMICO, CODICE_INSEGNAMENTO) VALUES  
(TO_DATE('01/10/2019 10:00:00', 'DD/MM/YYYY hh24:mi:ss'),TO_DATE('2019','YYYY'),'IDRA');

INSERT INTO ORARIO_LEZIONI(GIORNO_E_ORA, ANNO_ACCADEMICO, CODICE_INSEGNAMENTO) VALUES  
(TO_DATE('10/10/2019 10:00:00', 'DD/MM/YYYY hh24:mi:ss'),TO_DATE('2019','YYYY'),'CIDRA');

INSERT INTO ORARIO_LEZIONI(GIORNO_E_ORA, ANNO_ACCADEMICO, CODICE_INSEGNAMENTO) VALUES  
(TO_DATE('01/10/2019 10:00:00', 'DD/MM/YYYY hh24:mi:ss'),TO_DATE('2019','YYYY'),'PROGCE');

INSERT INTO ORARIO_LEZIONI(GIORNO_E_ORA, ANNO_ACCADEMICO, CODICE_INSEGNAMENTO) VALUES  
(TO_DATE('10/10/2019 10:00:00', 'DD/MM/YYYY hh24:mi:ss'),TO_DATE('2019','YYYY'),'ELETT');

INSERT INTO ORARIO_LEZIONI(GIORNO_E_ORA, ANNO_ACCADEMICO, CODICE_INSEGNAMENTO) VALUES  
(TO_DATE('10/10/2019 10:00:00', 'DD/MM/YYYY hh24:mi:ss'),TO_DATE('2019','YYYY'), 'OCEAC');

INSERT INTO ORARIO_LEZIONI(GIORNO_E_ORA, ANNO_ACCADEMICO, CODICE_INSEGNAMENTO) VALUES  
(TO_DATE('01/10/2019 10:00:00', 'DD/MM/YYYY hh24:mi:ss'),TO_DATE('2019','YYYY'),'ENED');

INSERT INTO ORARIO_LEZIONI(GIORNO_E_ORA, ANNO_ACCADEMICO, CODICE_INSEGNAMENTO) VALUES  
(TO_DATE('10/10/2019 10:00:00', 'DD/MM/YYYY hh24:mi:ss'),TO_DATE('2019','YYYY'),'RTI');

INSERT INTO ORARIO_LEZIONI(GIORNO_E_ORA, ANNO_ACCADEMICO, CODICE_INSEGNAMENTO) VALUES  
(TO_DATE('01/10/2019 10:00:00', 'DD/MM/YYYY hh24:mi:ss'),TO_DATE('2019','YYYY'),'TI');

INSERT INTO ORARIO_LEZIONI(GIORNO_E_ORA, ANNO_ACCADEMICO, CODICE_INSEGNAMENTO) VALUES  
(TO_DATE('10/10/2019 10:00:00', 'DD/MM/YYYY hh24:mi:ss'),TO_DATE('2019','YYYY'),'GSE');

INSERT INTO ORARIO_LEZIONI(GIORNO_E_ORA, ANNO_ACCADEMICO, CODICE_INSEGNAMENTO) VALUES  
(TO_DATE('01/10/2019 10:00:00', 'DD/MM/YYYY hh24:mi:ss'),TO_DATE('2019','YYYY'),'AI');

INSERT INTO ORARIO_LEZIONI(GIORNO_E_ORA, ANNO_ACCADEMICO, CODICE_INSEGNAMENTO) VALUES  
(TO_DATE('10/10/2019 10:00:00', 'DD/MM/YYYY hh24:mi:ss'),TO_DATE('2019','YYYY'),'END');

INSERT INTO ORARIO_LEZIONI(GIORNO_E_ORA, ANNO_ACCADEMICO, CODICE_INSEGNAMENTO) VALUES  
(TO_DATE('01/10/2019 10:00:00', 'DD/MM/YYYY hh24:mi:ss'),TO_DATE('2019','YYYY'),'NEU');

INSERT INTO ORARIO_LEZIONI(GIORNO_E_ORA, ANNO_ACCADEMICO, CODICE_INSEGNAMENTO) VALUES  
(TO_DATE('10/10/2019 10:00:00', 'DD/MM/YYYY hh24:mi:ss'),TO_DATE('2019','YYYY'), 'AEA');

INSERT INTO ORARIO_LEZIONI(GIORNO_E_ORA, ANNO_ACCADEMICO, CODICE_INSEGNAMENTO) VALUES  
(TO_DATE('01/10/2019 10:00:00', 'DD/MM/YYYY hh24:mi:ss'),TO_DATE('2019','YYYY'),'BPAS');

INSERT INTO ORARIO_LEZIONI(GIORNO_E_ORA, ANNO_ACCADEMICO, CODICE_INSEGNAMENTO) VALUES  
(TO_DATE('10/10/2019 10:00:00', 'DD/MM/YYYY hh24:mi:ss'),TO_DATE('2019','YYYY'),'FISGE');

INSERT INTO ORARIO_LEZIONI(GIORNO_E_ORA, ANNO_ACCADEMICO, CODICE_INSEGNAMENTO) VALUES  
(TO_DATE('01/10/2019 10:00:00', 'DD/MM/YYYY hh24:mi:ss'),TO_DATE('2019','YYYY'), 'MMSD');


-- docente
INSERT INTO DOCENTE(NUMERO_TESSERINO, NOME, COGNOME, DATA_NASCITA, SESSO, VIA, NUMERO_CIVICO, CAP, CITTA) VALUES  
('111111','MASSIMILIANO','ROSSI',TO_DATE('11/05/1971','DD/MM/YYYY'),'M','VIA MAZZINI','2','80100','NAPOLI');

INSERT INTO DOCENTE(NUMERO_TESSERINO, NOME, COGNOME, DATA_NASCITA, SESSO, VIA, NUMERO_CIVICO, CAP, CITTA) VALUES  
('111112','GIORGIO','BIANCHI',TO_DATE('19/01/1961','DD/MM/YYYY'),'M','VIA GENOVA','15','80100','NAPOLI');

INSERT INTO DOCENTE(NUMERO_TESSERINO, NOME, COGNOME, DATA_NASCITA, SESSO, VIA, NUMERO_CIVICO, CAP, CITTA) VALUES  
('111113','MARIO','VERDI',TO_DATE('22/08/1975','DD/MM/YYYY'),'M','VIA NAPOLEONE','33','80500','SALERNO');

INSERT INTO DOCENTE(NUMERO_TESSERINO, NOME, COGNOME, DATA_NASCITA, SESSO, VIA, NUMERO_CIVICO, CAP, CITTA) VALUES  
('111114','MARIAROSARIA','CASIMENI',TO_DATE('29/03/1974','DD/MM/YYYY'),'F','VIA DEI LAMPIONI','2','80300','AVELLINO');

INSERT INTO DOCENTE(NUMERO_TESSERINO, NOME, COGNOME, DATA_NASCITA, SESSO, VIA, NUMERO_CIVICO, CAP, CITTA) VALUES  
('111115','MARIA','CAVINO',TO_DATE('11/08/1969','DD/MM/YYYY'),'F','VIA GENOVA','22','80200','CASERTA');

INSERT INTO DOCENTE(NUMERO_TESSERINO, NOME, COGNOME, DATA_NASCITA, SESSO, VIA, NUMERO_CIVICO, CAP, CITTA) VALUES  
('111116','ALESSIO','SOMMA',TO_DATE('30/08/1983','DD/MM/YYYY'),'M','VIA MANDARINO','82','80200','CASERTA');

INSERT INTO DOCENTE(NUMERO_TESSERINO, NOME, COGNOME, DATA_NASCITA, SESSO, VIA, NUMERO_CIVICO, CAP, CITTA) VALUES  
('111117','DANIELE','SICILIANO',TO_DATE('01/02/1976','DD/MM/YYYY'),'M','VIA TASSO','66','80400','BENEVENTO');

INSERT INTO DOCENTE(NUMERO_TESSERINO, NOME, COGNOME, DATA_NASCITA, SESSO, VIA, NUMERO_CIVICO, CAP, CITTA) VALUES  
('111118','GENNARO','ESPOSITO',TO_DATE('19/01/1977','DD/MM/YYYY'),'M','CORSO GARIBALDI','452','80100','NAPOLI');

INSERT INTO DOCENTE(NUMERO_TESSERINO, NOME, COGNOME, DATA_NASCITA, SESSO, VIA, NUMERO_CIVICO, CAP, CITTA) VALUES  
('111119','MANILA','LANZI',TO_DATE('31/12/1968','DD/MM/YYYY'),'F','VIA COLOMBO','6','80400','BENEVENTO');

INSERT INTO DOCENTE(NUMERO_TESSERINO, NOME, COGNOME, DATA_NASCITA, SESSO, VIA, NUMERO_CIVICO, CAP, CITTA) VALUES  
('111120','SIMONE','LAURENTI',TO_DATE('21/11/1982','DD/MM/YYYY'),'M','VIA DRAGHI','72','80300','AVELLINO');

INSERT INTO DOCENTE(NUMERO_TESSERINO, NOME, COGNOME, DATA_NASCITA, SESSO, VIA, NUMERO_CIVICO, CAP, CITTA) VALUES  
('111121','ALFREDO','BENGALONI',TO_DATE('11/08/1982','DD/MM/YYYY'),'M','VIA SODOMA','32','80500','SALERNO');

INSERT INTO DOCENTE(NUMERO_TESSERINO, NOME, COGNOME, DATA_NASCITA, SESSO, VIA, NUMERO_CIVICO, CAP, CITTA) VALUES  
('111122','FRANCESCO','AMICO',TO_DATE('28/04/1975','DD/MM/YYYY'),'M','VIA BARI','15','80100','NAPOLI');

INSERT INTO DOCENTE(NUMERO_TESSERINO, NOME, COGNOME, DATA_NASCITA, SESSO, VIA, NUMERO_CIVICO, CAP, CITTA) VALUES  
('111123','CHIARA','NASONE',TO_DATE('14/01/1970','DD/MM/YYYY'),'F','VIA BANFI','72','80100','NAPOLI');

INSERT INTO DOCENTE(NUMERO_TESSERINO, NOME, COGNOME, DATA_NASCITA, SESSO, VIA, NUMERO_CIVICO, CAP, CITTA) VALUES  
('111124','ANDREA','GALLO',TO_DATE('06/06/1978','DD/MM/YYYY'),'M','VIA NOBILE','72','80500','SALERNO');

INSERT INTO DOCENTE(NUMERO_TESSERINO, NOME, COGNOME, DATA_NASCITA, SESSO, VIA, NUMERO_CIVICO, CAP, CITTA) VALUES  
('111125','CAMILLO','BENSO',TO_DATE('17/05/1965','DD/MM/YYYY'),'M','VIA CAVOUR','49','80200','CASERTA');

INSERT INTO DOCENTE(NUMERO_TESSERINO, NOME, COGNOME, DATA_NASCITA, SESSO, VIA, NUMERO_CIVICO, CAP, CITTA) VALUES  
('111126','ANGELA','CASCIO',TO_DATE('8/10/1988','DD/MM/YYYY'),'F','VIALE DELLE FONTANELLE','78','80300','AVELLINO');

INSERT INTO DOCENTE(NUMERO_TESSERINO, NOME, COGNOME, DATA_NASCITA, SESSO, VIA, NUMERO_CIVICO, CAP, CITTA) VALUES  
('111127','GIOVANNI','CANGIANO',TO_DATE('19/07/1973','DD/MM/YYYY'),'M','VIALE DEI FIORI','18','80400','BENEVENTO');

INSERT INTO DOCENTE(NUMERO_TESSERINO, NOME, COGNOME, DATA_NASCITA, SESSO, VIA, NUMERO_CIVICO, CAP, CITTA) VALUES  
('111128','LUCA','ABBRUZZESE',TO_DATE('14/08/1980','DD/MM/YYYY'),'M','VIA BIFULCO','62','80400','BENEVENTO');

INSERT INTO DOCENTE(NUMERO_TESSERINO, NOME, COGNOME, DATA_NASCITA, SESSO, VIA, NUMERO_CIVICO, CAP, CITTA) VALUES  
('111129','GIANNI','CAIARULO',TO_DATE('15/02/1978','DD/MM/YYYY'),'M','VIA  DEL CONTE','78','80100','NAPOLI');

INSERT INTO DOCENTE(NUMERO_TESSERINO, NOME, COGNOME, DATA_NASCITA, SESSO, VIA, NUMERO_CIVICO, CAP, CITTA) VALUES  
('111130','GIORGIO','LOMBARDO',TO_DATE('30/04/1968','DD/MM/YYYY'),'M','VIA DEI SORDI','302','80300','AVELLINO');


-- studente
INSERT INTO STUDENTE(MATRICOLA_STUDENTE, NOME, COGNOME, DATA_NASCITA, SESSO, VIA, NUMERO_CIVICO, CAP, CITTA, CODICE_CORSO, DATA_ISCRIZIONE) VALUES  
('111150','MARIO','CICALONE',TO_DATE('19/08/1999','DD/MM/YYYY'),'M','VIA CANTELMO','29','80100','NAPOLI', '0124', TO_DATE('01/08/2019','DD/MM/YYYY'));

INSERT INTO STUDENTE(MATRICOLA_STUDENTE, NOME, COGNOME, DATA_NASCITA, SESSO, VIA, NUMERO_CIVICO, CAP, CITTA, CODICE_CORSO, DATA_ISCRIZIONE) VALUES  
('111151','MARIA','BIANCHI',TO_DATE('30/05/1998','DD/MM/YYYY'),'F','VIA CASILLO','33','80100','NAPOLI', '0332', TO_DATE('01/08/2019','DD/MM/YYYY'));

INSERT INTO STUDENTE(MATRICOLA_STUDENTE, NOME, COGNOME, DATA_NASCITA, SESSO, VIA, NUMERO_CIVICO, CAP, CITTA, CODICE_CORSO, DATA_ISCRIZIONE) VALUES  
('111152','ANDREA','ROSSI',TO_DATE('19/08/1999','DD/MM/YYYY'),'M','VIA COLOMBO','32','80200','CASERTA', '0328', TO_DATE('01/08/2019','DD/MM/YYYY'));

INSERT INTO STUDENTE(MATRICOLA_STUDENTE, NOME, COGNOME, DATA_NASCITA, SESSO, VIA, NUMERO_CIVICO, CAP, CITTA, CODICE_CORSO, DATA_ISCRIZIONE) VALUES  
('111153','ANNA','BRUSAFERRO',TO_DATE('15/05/1997','DD/MM/YYYY'),'F','VIALE DEGLI OLEANDRI','21','80500','SALERNO', '0327', TO_DATE('01/08/2019','DD/MM/YYYY'));

INSERT INTO STUDENTE(MATRICOLA_STUDENTE, NOME, COGNOME, DATA_NASCITA, SESSO, VIA, NUMERO_CIVICO, CAP, CITTA, CODICE_CORSO, DATA_ISCRIZIONE) VALUES  
('111154','LUCA','LONGHI',TO_DATE('30/01/2000','DD/MM/YYYY'),'M','VIA MARINAIO','63','80100','NAPOLI', '0328', TO_DATE('15/08/2019','DD/MM/YYYY'));

INSERT INTO STUDENTE(MATRICOLA_STUDENTE, NOME, COGNOME, DATA_NASCITA, SESSO, VIA, NUMERO_CIVICO, CAP, CITTA, CODICE_CORSO, DATA_ISCRIZIONE) VALUES  
('111155','LAURA','FOSSETTA',TO_DATE('19/08/1999','DD/MM/YYYY'),'F','VIA VENEZIA','16','80400','BENEVENTO', '0512', TO_DATE('06/08/2019','DD/MM/YYYY'));

INSERT INTO STUDENTE(MATRICOLA_STUDENTE, NOME, COGNOME, DATA_NASCITA, SESSO, VIA, NUMERO_CIVICO, CAP, CITTA, CODICE_CORSO, DATA_ISCRIZIONE) VALUES  
('111156','MATTEO','TROMBA',TO_DATE('09/07/1998','DD/MM/YYYY'),'M','VIA SICARI','29','80300','AVELLINO', '0122', TO_DATE('07/08/2019','DD/MM/YYYY'));

INSERT INTO STUDENTE(MATRICOLA_STUDENTE, NOME, COGNOME, DATA_NASCITA, SESSO, VIA, NUMERO_CIVICO, CAP, CITTA, CODICE_CORSO, DATA_ISCRIZIONE) VALUES  
('111157','MARIO','STROPPA',TO_DATE('19/08/1999','DD/MM/YYYY'),'M','VIA GOGNA','99','80100','NAPOLI', '0126', TO_DATE('18/08/2019','DD/MM/YYYY'));

INSERT INTO STUDENTE(MATRICOLA_STUDENTE, NOME, COGNOME, DATA_NASCITA, SESSO, VIA, NUMERO_CIVICO, CAP, CITTA, CODICE_CORSO, DATA_ISCRIZIONE) VALUES  
('111159','GIUSEPPE','CONTI',TO_DATE('12/11/1996','DD/MM/YYYY'),'M','VIA GIUSTIZIA','39','80400','BENEVENTO', '0120', TO_DATE('01/09/2019','DD/MM/YYYY'));

INSERT INTO STUDENTE(MATRICOLA_STUDENTE, NOME, COGNOME, DATA_NASCITA, SESSO, VIA, NUMERO_CIVICO, CAP, CITTA, CODICE_CORSO, DATA_ISCRIZIONE) VALUES  
('111160','CAMILLA','NOLA',TO_DATE('22/03/1996','DD/MM/YYYY'),'F','VIA SONDRIO','11','80200','CASERTA', '0331', TO_DATE('01/08/2019','DD/MM/YYYY'));

INSERT INTO STUDENTE(MATRICOLA_STUDENTE, NOME, COGNOME, DATA_NASCITA, SESSO, VIA, NUMERO_CIVICO, CAP, CITTA, CODICE_CORSO, DATA_ISCRIZIONE) VALUES  
('111161','MARIA','BROCCOLI',TO_DATE('17/08/1998','DD/MM/YYYY'),'F','VIA ORAZIO','29','80100','NAPOLI', '0330', TO_DATE('02/08/2019','DD/MM/YYYY'));

INSERT INTO STUDENTE(MATRICOLA_STUDENTE, NOME, COGNOME, DATA_NASCITA, SESSO, VIA, NUMERO_CIVICO, CAP, CITTA, CODICE_CORSO, DATA_ISCRIZIONE) VALUES  
('111162','VINCENZO','MOTTA',TO_DATE('17/02/1996','DD/MM/YYYY'),'M','VIA GARIBALDI','66','80100','NAPOLI', '0326', TO_DATE('22/07/2019','DD/MM/YYYY'));

INSERT INTO STUDENTE(MATRICOLA_STUDENTE, NOME, COGNOME, DATA_NASCITA, SESSO, VIA, NUMERO_CIVICO, CAP, CITTA, CODICE_CORSO, DATA_ISCRIZIONE) VALUES  
('111163','CARLO','MASCARA',TO_DATE('09/10/1993','DD/MM/YYYY'),'M','VIA SPLENDENTE','32','80500','SALERNO', '0514', TO_DATE('16/07/2019','DD/MM/YYYY'));

INSERT INTO STUDENTE(MATRICOLA_STUDENTE, NOME, COGNOME, DATA_NASCITA, SESSO, VIA, NUMERO_CIVICO, CAP, CITTA, CODICE_CORSO, DATA_ISCRIZIONE) VALUES  
('111164','LORENZO','MANZO',TO_DATE('19/08/1999','DD/MM/YYYY'),'M','VIA TORINO','22','80100','NAPOLI', '0124', TO_DATE('06/08/2019','DD/MM/YYYY'));

INSERT INTO STUDENTE(MATRICOLA_STUDENTE, NOME, COGNOME, DATA_NASCITA, SESSO, VIA, NUMERO_CIVICO, CAP, CITTA, CODICE_CORSO, DATA_ISCRIZIONE) VALUES  
('111165','ANNA','MANITA',TO_DATE('15/05/1994','DD/MM/YYYY'),'F','VIA LEVI','31','80500','SALERNO', '0125', TO_DATE('02/08/2019','DD/MM/YYYY'));

INSERT INTO STUDENTE(MATRICOLA_STUDENTE, NOME, COGNOME, DATA_NASCITA, SESSO, VIA, NUMERO_CIVICO, CAP, CITTA, CODICE_CORSO, DATA_ISCRIZIONE) VALUES  
('111166','CARMINE','SALE',TO_DATE('17/05/1998','DD/MM/YYYY'),'M','VIALE DEGLI OLEANDRI','21','80100','NAPOLI', '0123', TO_DATE('01/08/2019','DD/MM/YYYY'));

INSERT INTO STUDENTE(MATRICOLA_STUDENTE, NOME, COGNOME, DATA_NASCITA, SESSO, VIA, NUMERO_CIVICO, CAP, CITTA, CODICE_CORSO, DATA_ISCRIZIONE) VALUES  
('111167','LORENZO','MUSETTI',TO_DATE('23/08/1998','DD/MM/YYYY'),'M','VIA NAPOLI','22','80500','SALERNO', '0121', TO_DATE('06/08/2019','DD/MM/YYYY'));

INSERT INTO STUDENTE(MATRICOLA_STUDENTE, NOME, COGNOME, DATA_NASCITA, SESSO, VIA, NUMERO_CIVICO, CAP, CITTA, CODICE_CORSO, DATA_ISCRIZIONE) VALUES  
('111168','ANTONIO','CARONTE',TO_DATE('22/03/1996','DD/MM/YYYY'),'M','VIA GENOVA','77','80200','CASERTA', '0328', TO_DATE('01/08/2019','DD/MM/YYYY'));

INSERT INTO STUDENTE(MATRICOLA_STUDENTE, NOME, COGNOME, DATA_NASCITA, SESSO, VIA, NUMERO_CIVICO, CAP, CITTA, CODICE_CORSO, DATA_ISCRIZIONE) VALUES  
('111169','GIUSEPPE','ANDREOLLI',TO_DATE('15/07/1995','DD/MM/YYYY'),'M','VIA BARI','49','80400','BENEVENTO', '0326', TO_DATE('01/09/2019','DD/MM/YYYY'));

INSERT INTO STUDENTE(MATRICOLA_STUDENTE, NOME, COGNOME, DATA_NASCITA, SESSO, VIA, NUMERO_CIVICO, CAP, CITTA, CODICE_CORSO, DATA_ISCRIZIONE) VALUES  
('111170','MARCO','BOCCIA',TO_DATE('10/02/1994','DD/MM/YYYY'),'M','VIA DEGLI OREFICI','99','80100','NAPOLI', '0330', TO_DATE('02/08/2019','DD/MM/YYYY'));

INSERT INTO STUDENTE(MATRICOLA_STUDENTE, NOME, COGNOME, DATA_NASCITA, SESSO, VIA, NUMERO_CIVICO, CAP, CITTA, CODICE_CORSO, DATA_ISCRIZIONE) VALUES  
('111171','LORENZO','SCAMPI',TO_DATE('19/08/1999','DD/MM/YYYY'),'M','VIA TORINO','22','80200','CASERTA', '0512', TO_DATE('06/08/2019','DD/MM/YYYY'));

INSERT INTO STUDENTE(MATRICOLA_STUDENTE, NOME, COGNOME, DATA_NASCITA, SESSO, VIA, NUMERO_CIVICO, CAP, CITTA, CODICE_CORSO, DATA_ISCRIZIONE) VALUES  
('111172','GIANLUCA','SORDI',TO_DATE('04/02/1999','DD/MM/YYYY'),'M','VIA DEL SANTO','62','80100','NAPOLI', '0515', TO_DATE('06/08/2019','DD/MM/YYYY'));

INSERT INTO STUDENTE(MATRICOLA_STUDENTE, NOME, COGNOME, DATA_NASCITA, SESSO, VIA, NUMERO_CIVICO, CAP, CITTA, CODICE_CORSO, DATA_ISCRIZIONE) VALUES  
('111173','AJEJE','BRAZORF',TO_DATE('22/04/1996','DD/MM/YYYY'),'M','VIA TARANTO','36','80500','SALERNO', '0515', TO_DATE('06/08/2019','DD/MM/YYYY'));


-- insegna edizione
INSERT INTO INSEGNA_EDIZIONE(CODICE_INSEGNAMENTO, ANNO_ACCADEMICO, TESSERINO_DOCENTE, TIPO_DOCENTE) VALUES  
('SNN', TO_DATE('2019', 'YYYY'), '111111', 'TEORIA');

INSERT INTO INSEGNA_EDIZIONE(CODICE_INSEGNAMENTO, ANNO_ACCADEMICO, TESSERINO_DOCENTE, TIPO_DOCENTE) VALUES  
('ASD', TO_DATE('2019', 'YYYY'), '111112', 'TEORIA');

INSERT INTO INSEGNA_EDIZIONE(CODICE_INSEGNAMENTO, ANNO_ACCADEMICO, TESSERINO_DOCENTE, TIPO_DOCENTE) VALUES  
('BD', TO_DATE('2019', 'YYYY'), '111113', 'TEORIA E LABORATORIO');

INSERT INTO INSEGNA_EDIZIONE(CODICE_INSEGNAMENTO, ANNO_ACCADEMICO, TESSERINO_DOCENTE, TIPO_DOCENTE) VALUES  
('BIOC', TO_DATE('2019', 'YYYY'), '111114', 'TEORIA');

INSERT INTO INSEGNA_EDIZIONE(CODICE_INSEGNAMENTO, ANNO_ACCADEMICO, TESSERINO_DOCENTE, TIPO_DOCENTE) VALUES  
('ASD', TO_DATE('2019', 'YYYY'), '111113', 'LABORATORIO');

INSERT INTO INSEGNA_EDIZIONE(CODICE_INSEGNAMENTO, ANNO_ACCADEMICO, TESSERINO_DOCENTE, TIPO_DOCENTE) VALUES  
('BIOC', TO_DATE('2019', 'YYYY'), '111115', 'LABORATORIO');

INSERT INTO INSEGNA_EDIZIONE(CODICE_INSEGNAMENTO, ANNO_ACCADEMICO, TESSERINO_DOCENTE, TIPO_DOCENTE) VALUES  
('CHIMG', TO_DATE('2019', 'YYYY'), '111115', 'TEORIA');

INSERT INTO INSEGNA_EDIZIONE(CODICE_INSEGNAMENTO, ANNO_ACCADEMICO, TESSERINO_DOCENTE, TIPO_DOCENTE) VALUES  
('CHIMG', TO_DATE('2019', 'YYYY'), '111116', 'LABORATORIO');

INSERT INTO INSEGNA_EDIZIONE(CODICE_INSEGNAMENTO, ANNO_ACCADEMICO, TESSERINO_DOCENTE, TIPO_DOCENTE) VALUES  
('OCEA', TO_DATE('2019', 'YYYY'), '111117', 'TEORIA');

INSERT INTO INSEGNA_EDIZIONE(CODICE_INSEGNAMENTO, ANNO_ACCADEMICO, TESSERINO_DOCENTE, TIPO_DOCENTE) VALUES  
('METEO', TO_DATE('2019', 'YYYY'), '111118', 'TEORIA');

INSERT INTO INSEGNA_EDIZIONE(CODICE_INSEGNAMENTO, ANNO_ACCADEMICO, TESSERINO_DOCENTE, TIPO_DOCENTE) VALUES  
('MACL', TO_DATE('2019', 'YYYY'), '111112', 'TEORIA');

INSERT INTO INSEGNA_EDIZIONE(CODICE_INSEGNAMENTO, ANNO_ACCADEMICO, TESSERINO_DOCENTE, TIPO_DOCENTE) VALUES  
('COMG', TO_DATE('2019', 'YYYY'), '111119', 'TEORIA');

INSERT INTO INSEGNA_EDIZIONE(CODICE_INSEGNAMENTO, ANNO_ACCADEMICO, TESSERINO_DOCENTE, TIPO_DOCENTE) VALUES  
('BIODIV', TO_DATE('2019', 'YYYY'), '111121', 'TEORIA');

INSERT INTO INSEGNA_EDIZIONE(CODICE_INSEGNAMENTO, ANNO_ACCADEMICO, TESSERINO_DOCENTE, TIPO_DOCENTE) VALUES  
('METEOA', TO_DATE('2019', 'YYYY'), '111118', 'TEORIA');

INSERT INTO INSEGNA_EDIZIONE(CODICE_INSEGNAMENTO, ANNO_ACCADEMICO, TESSERINO_DOCENTE, TIPO_DOCENTE) VALUES  
('NAVSAT', TO_DATE('2019', 'YYYY'), '111122', 'TEORIA');

INSERT INTO INSEGNA_EDIZIONE(CODICE_INSEGNAMENTO, ANNO_ACCADEMICO, TESSERINO_DOCENTE, TIPO_DOCENTE) VALUES  
('MICROB', TO_DATE('2019', 'YYYY'), '111120', 'TEORIA');

INSERT INTO INSEGNA_EDIZIONE(CODICE_INSEGNAMENTO, ANNO_ACCADEMICO, TESSERINO_DOCENTE, TIPO_DOCENTE) VALUES  
('SCIES', TO_DATE('2019', 'YYYY'), '111123', 'TEORIA');

INSERT INTO INSEGNA_EDIZIONE(CODICE_INSEGNAMENTO, ANNO_ACCADEMICO, TESSERINO_DOCENTE, TIPO_DOCENTE) VALUES  
('IMPE', TO_DATE('2019', 'YYYY'), '111124', 'TEORIA');

INSERT INTO INSEGNA_EDIZIONE(CODICE_INSEGNAMENTO, ANNO_ACCADEMICO, TESSERINO_DOCENTE, TIPO_DOCENTE) VALUES  
('MACC', TO_DATE('2019', 'YYYY'), '111125', 'TEORIA');

INSERT INTO INSEGNA_EDIZIONE(CODICE_INSEGNAMENTO, ANNO_ACCADEMICO, TESSERINO_DOCENTE, TIPO_DOCENTE) VALUES  
('IDRA', TO_DATE('2019', 'YYYY'), '111126', 'TEORIA');

INSERT INTO INSEGNA_EDIZIONE(CODICE_INSEGNAMENTO, ANNO_ACCADEMICO, TESSERINO_DOCENTE, TIPO_DOCENTE) VALUES  
('CIDRA', TO_DATE('2019', 'YYYY'), '111126', 'TEORIA');

INSERT INTO INSEGNA_EDIZIONE(CODICE_INSEGNAMENTO, ANNO_ACCADEMICO, TESSERINO_DOCENTE, TIPO_DOCENTE) VALUES  
('PROGCE', TO_DATE('2019', 'YYYY'), '111119', 'TEORIA');

INSERT INTO INSEGNA_EDIZIONE(CODICE_INSEGNAMENTO, ANNO_ACCADEMICO, TESSERINO_DOCENTE, TIPO_DOCENTE) VALUES  
('ELETT', TO_DATE('2019', 'YYYY'), '111127', 'TEORIA');

INSERT INTO INSEGNA_EDIZIONE(CODICE_INSEGNAMENTO, ANNO_ACCADEMICO, TESSERINO_DOCENTE, TIPO_DOCENTE) VALUES  
('OCEAC', TO_DATE('2019', 'YYYY'), '111117', 'TEORIA');

INSERT INTO INSEGNA_EDIZIONE(CODICE_INSEGNAMENTO, ANNO_ACCADEMICO, TESSERINO_DOCENTE, TIPO_DOCENTE) VALUES  
('ENED', TO_DATE('2019', 'YYYY'), '111124', 'TEORIA');

INSERT INTO INSEGNA_EDIZIONE(CODICE_INSEGNAMENTO, ANNO_ACCADEMICO, TESSERINO_DOCENTE, TIPO_DOCENTE) VALUES  
('RTI', TO_DATE('2019', 'YYYY'), '111128', 'TEORIA');

INSERT INTO INSEGNA_EDIZIONE(CODICE_INSEGNAMENTO, ANNO_ACCADEMICO, TESSERINO_DOCENTE, TIPO_DOCENTE) VALUES  
('TI', TO_DATE('2019', 'YYYY'), '111128', 'TEORIA');

INSERT INTO INSEGNA_EDIZIONE(CODICE_INSEGNAMENTO, ANNO_ACCADEMICO, TESSERINO_DOCENTE, TIPO_DOCENTE) VALUES  
('GSE', TO_DATE('2019', 'YYYY'), '111124', 'TEORIA');

INSERT INTO INSEGNA_EDIZIONE(CODICE_INSEGNAMENTO, ANNO_ACCADEMICO, TESSERINO_DOCENTE, TIPO_DOCENTE) VALUES  
('AI', TO_DATE('2019', 'YYYY'), '111127', 'TEORIA');

INSERT INTO INSEGNA_EDIZIONE(CODICE_INSEGNAMENTO, ANNO_ACCADEMICO, TESSERINO_DOCENTE, TIPO_DOCENTE) VALUES  
('END', TO_DATE('2019', 'YYYY'), '111129', 'TEORIA');

INSERT INTO INSEGNA_EDIZIONE(CODICE_INSEGNAMENTO, ANNO_ACCADEMICO, TESSERINO_DOCENTE, TIPO_DOCENTE) VALUES  
('NEU', TO_DATE('2019', 'YYYY'), '111121', 'TEORIA');

INSERT INTO INSEGNA_EDIZIONE(CODICE_INSEGNAMENTO, ANNO_ACCADEMICO, TESSERINO_DOCENTE, TIPO_DOCENTE) VALUES  
('AEA', TO_DATE('2019', 'YYYY'), '111129', 'TEORIA');

INSERT INTO INSEGNA_EDIZIONE(CODICE_INSEGNAMENTO, ANNO_ACCADEMICO, TESSERINO_DOCENTE, TIPO_DOCENTE) VALUES  
('BPAS', TO_DATE('2019', 'YYYY'), '111130', 'TEORIA');

INSERT INTO INSEGNA_EDIZIONE(CODICE_INSEGNAMENTO, ANNO_ACCADEMICO, TESSERINO_DOCENTE, TIPO_DOCENTE) VALUES  
('FISGE', TO_DATE('2019', 'YYYY'), '111130', 'TEORIA');

INSERT INTO INSEGNA_EDIZIONE(CODICE_INSEGNAMENTO, ANNO_ACCADEMICO, TESSERINO_DOCENTE, TIPO_DOCENTE) VALUES  
('MMSD', TO_DATE('2019', 'YYYY'), '111120', 'TEORIA');


-- frequenta edizione insegnamento
INSERT INTO FREQUENTA_EDIZIONE_INSEGNAMENTO(ANNO_ACCADEMICO, CODICE_INSEGNAMENTO, MATRICOLA_STUDENTE, DATA_INS) VALUES  
(TO_DATE('2019', 'YYYY'), 'SNN', '111165', TO_DATE('01/09/2019','DD/MM/YYYY'));

INSERT INTO FREQUENTA_EDIZIONE_INSEGNAMENTO(ANNO_ACCADEMICO, CODICE_INSEGNAMENTO, MATRICOLA_STUDENTE, DATA_INS) VALUES  
(TO_DATE('2019', 'YYYY'), 'ASD', '111150', TO_DATE('01/09/2019','DD/MM/YYYY'));

INSERT INTO FREQUENTA_EDIZIONE_INSEGNAMENTO(ANNO_ACCADEMICO, CODICE_INSEGNAMENTO, MATRICOLA_STUDENTE, DATA_INS) VALUES  
(TO_DATE('2019', 'YYYY'), 'BD', '111150', TO_DATE('01/03/2020','DD/MM/YYYY'));

INSERT INTO FREQUENTA_EDIZIONE_INSEGNAMENTO(ANNO_ACCADEMICO, CODICE_INSEGNAMENTO, MATRICOLA_STUDENTE, DATA_INS) VALUES  
(TO_DATE('2019', 'YYYY'), 'BIOC', '111166', TO_DATE('01/09/2019','DD/MM/YYYY'));

INSERT INTO FREQUENTA_EDIZIONE_INSEGNAMENTO(ANNO_ACCADEMICO, CODICE_INSEGNAMENTO, MATRICOLA_STUDENTE, DATA_INS) VALUES  
(TO_DATE('2019', 'YYYY'), 'CHIMG', '111166', TO_DATE('01/09/2019','DD/MM/YYYY'));

INSERT INTO FREQUENTA_EDIZIONE_INSEGNAMENTO(ANNO_ACCADEMICO, CODICE_INSEGNAMENTO, MATRICOLA_STUDENTE, DATA_INS) VALUES  
(TO_DATE('2019', 'YYYY'), 'OCEA', '111156', TO_DATE('01/03/2020','DD/MM/YYYY'));

INSERT INTO FREQUENTA_EDIZIONE_INSEGNAMENTO(ANNO_ACCADEMICO, CODICE_INSEGNAMENTO, MATRICOLA_STUDENTE, DATA_INS) VALUES  
(TO_DATE('2019', 'YYYY'), 'METEO', '111156', TO_DATE('01/03/2020','DD/MM/YYYY'));

INSERT INTO FREQUENTA_EDIZIONE_INSEGNAMENTO(ANNO_ACCADEMICO, CODICE_INSEGNAMENTO, MATRICOLA_STUDENTE, DATA_INS) VALUES  
(TO_DATE('2019', 'YYYY'), 'MACL', '111159', TO_DATE('01/03/2020','DD/MM/YYYY'));

INSERT INTO FREQUENTA_EDIZIONE_INSEGNAMENTO(ANNO_ACCADEMICO, CODICE_INSEGNAMENTO, MATRICOLA_STUDENTE, DATA_INS) VALUES  
(TO_DATE('2019', 'YYYY'), 'COMG', '111159', TO_DATE('01/03/2020','DD/MM/YYYY'));

INSERT INTO FREQUENTA_EDIZIONE_INSEGNAMENTO(ANNO_ACCADEMICO, CODICE_INSEGNAMENTO, MATRICOLA_STUDENTE, DATA_INS) VALUES  
(TO_DATE('2019', 'YYYY'), 'BIODIV', '111157', TO_DATE('01/03/2020','DD/MM/YYYY'));

INSERT INTO FREQUENTA_EDIZIONE_INSEGNAMENTO(ANNO_ACCADEMICO, CODICE_INSEGNAMENTO, MATRICOLA_STUDENTE, DATA_INS) VALUES  
(TO_DATE('2019', 'YYYY'), 'METEOA', '111167', TO_DATE('01/03/2020','DD/MM/YYYY'));

INSERT INTO FREQUENTA_EDIZIONE_INSEGNAMENTO(ANNO_ACCADEMICO, CODICE_INSEGNAMENTO, MATRICOLA_STUDENTE, DATA_INS) VALUES  
(TO_DATE('2019', 'YYYY'), 'NAVSAT', '111167', TO_DATE('01/09/2019','DD/MM/YYYY'));

INSERT INTO FREQUENTA_EDIZIONE_INSEGNAMENTO(ANNO_ACCADEMICO, CODICE_INSEGNAMENTO, MATRICOLA_STUDENTE, DATA_INS) VALUES  
(TO_DATE('2019', 'YYYY'), 'MICROB', '111157', TO_DATE('01/09/2019','DD/MM/YYYY'));

INSERT INTO FREQUENTA_EDIZIONE_INSEGNAMENTO(ANNO_ACCADEMICO, CODICE_INSEGNAMENTO, MATRICOLA_STUDENTE, DATA_INS) VALUES  
(TO_DATE('2019', 'YYYY'), 'SCIES', '111157', TO_DATE('01/03/2020','DD/MM/YYYY'));

INSERT INTO FREQUENTA_EDIZIONE_INSEGNAMENTO(ANNO_ACCADEMICO, CODICE_INSEGNAMENTO, MATRICOLA_STUDENTE, DATA_INS) VALUES  
(TO_DATE('2019', 'YYYY'), 'IMPE', '111154', TO_DATE('01/03/2020','DD/MM/YYYY'));

INSERT INTO FREQUENTA_EDIZIONE_INSEGNAMENTO(ANNO_ACCADEMICO, CODICE_INSEGNAMENTO, MATRICOLA_STUDENTE, DATA_INS) VALUES  
(TO_DATE('2019', 'YYYY'), 'MACC', '111168', TO_DATE('01/03/2020','DD/MM/YYYY'));

INSERT INTO FREQUENTA_EDIZIONE_INSEGNAMENTO(ANNO_ACCADEMICO, CODICE_INSEGNAMENTO, MATRICOLA_STUDENTE, DATA_INS) VALUES  
(TO_DATE('2019', 'YYYY'), 'IDRA', '111151', TO_DATE('01/09/2019','DD/MM/YYYY'));

INSERT INTO FREQUENTA_EDIZIONE_INSEGNAMENTO(ANNO_ACCADEMICO, CODICE_INSEGNAMENTO, MATRICOLA_STUDENTE, DATA_INS) VALUES  
(TO_DATE('2019', 'YYYY'), 'CIDRA', '111151', TO_DATE('01/03/2020','DD/MM/YYYY'));

INSERT INTO FREQUENTA_EDIZIONE_INSEGNAMENTO(ANNO_ACCADEMICO, CODICE_INSEGNAMENTO, MATRICOLA_STUDENTE, DATA_INS) VALUES  
(TO_DATE('2019', 'YYYY'), 'PROGCE', '111162', TO_DATE('01/09/2019','DD/MM/YYYY'));

INSERT INTO FREQUENTA_EDIZIONE_INSEGNAMENTO(ANNO_ACCADEMICO, CODICE_INSEGNAMENTO, MATRICOLA_STUDENTE, DATA_INS) VALUES  
(TO_DATE('2019', 'YYYY'), 'ELETT', '111169', TO_DATE('01/09/2019','DD/MM/YYYY'));

INSERT INTO FREQUENTA_EDIZIONE_INSEGNAMENTO(ANNO_ACCADEMICO, CODICE_INSEGNAMENTO, MATRICOLA_STUDENTE, DATA_INS) VALUES  
(TO_DATE('2019', 'YYYY'), 'OCEAC', '111160', TO_DATE('01/09/2019','DD/MM/YYYY'));

INSERT INTO FREQUENTA_EDIZIONE_INSEGNAMENTO(ANNO_ACCADEMICO, CODICE_INSEGNAMENTO, MATRICOLA_STUDENTE, DATA_INS) VALUES  
(TO_DATE('2019', 'YYYY'), 'ENED', '111160', TO_DATE('01/09/2019','DD/MM/YYYY'));

INSERT INTO FREQUENTA_EDIZIONE_INSEGNAMENTO(ANNO_ACCADEMICO, CODICE_INSEGNAMENTO, MATRICOLA_STUDENTE, DATA_INS) VALUES  
(TO_DATE('2019', 'YYYY'), 'RTI', '111161', TO_DATE('01/03/2020','DD/MM/YYYY'));

INSERT INTO FREQUENTA_EDIZIONE_INSEGNAMENTO(ANNO_ACCADEMICO, CODICE_INSEGNAMENTO, MATRICOLA_STUDENTE, DATA_INS) VALUES  
(TO_DATE('2019', 'YYYY'), 'TI', '111170', TO_DATE('01/09/2019','DD/MM/YYYY'));

INSERT INTO FREQUENTA_EDIZIONE_INSEGNAMENTO(ANNO_ACCADEMICO, CODICE_INSEGNAMENTO, MATRICOLA_STUDENTE, DATA_INS) VALUES  
(TO_DATE('2019', 'YYYY'), 'GSE', '111151', TO_DATE('01/03/2020','DD/MM/YYYY'));

INSERT INTO FREQUENTA_EDIZIONE_INSEGNAMENTO(ANNO_ACCADEMICO, CODICE_INSEGNAMENTO, MATRICOLA_STUDENTE, DATA_INS) VALUES  
(TO_DATE('2019', 'YYYY'), 'AI', '111151', TO_DATE('01/09/2019','DD/MM/YYYY'));

INSERT INTO FREQUENTA_EDIZIONE_INSEGNAMENTO(ANNO_ACCADEMICO, CODICE_INSEGNAMENTO, MATRICOLA_STUDENTE, DATA_INS) VALUES  
(TO_DATE('2019', 'YYYY'), 'END', '111155', TO_DATE('01/09/2019','DD/MM/YYYY'));

INSERT INTO FREQUENTA_EDIZIONE_INSEGNAMENTO(ANNO_ACCADEMICO, CODICE_INSEGNAMENTO, MATRICOLA_STUDENTE, DATA_INS) VALUES  
(TO_DATE('2019', 'YYYY'), 'NEU', '111171', TO_DATE('01/03/2020','DD/MM/YYYY'));

INSERT INTO FREQUENTA_EDIZIONE_INSEGNAMENTO(ANNO_ACCADEMICO, CODICE_INSEGNAMENTO, MATRICOLA_STUDENTE, DATA_INS) VALUES  
(TO_DATE('2019', 'YYYY'), 'AEA', '111172', TO_DATE('01/09/2019','DD/MM/YYYY'));

INSERT INTO FREQUENTA_EDIZIONE_INSEGNAMENTO(ANNO_ACCADEMICO, CODICE_INSEGNAMENTO, MATRICOLA_STUDENTE, DATA_INS) VALUES  
(TO_DATE('2019', 'YYYY'), 'BPAS', '111172', TO_DATE('01/09/2019','DD/MM/YYYY'));

INSERT INTO FREQUENTA_EDIZIONE_INSEGNAMENTO(ANNO_ACCADEMICO, CODICE_INSEGNAMENTO, MATRICOLA_STUDENTE, DATA_INS) VALUES  
(TO_DATE('2019', 'YYYY'), 'MACC', '111152', TO_DATE('01/09/2019','DD/MM/YYYY'));

INSERT INTO FREQUENTA_EDIZIONE_INSEGNAMENTO(ANNO_ACCADEMICO, CODICE_INSEGNAMENTO, MATRICOLA_STUDENTE, DATA_INS) VALUES  
(TO_DATE('2019', 'YYYY'), 'IMPE', '111152', TO_DATE('01/09/2019','DD/MM/YYYY'));

INSERT INTO FREQUENTA_EDIZIONE_INSEGNAMENTO(ANNO_ACCADEMICO, CODICE_INSEGNAMENTO, MATRICOLA_STUDENTE, DATA_INS) VALUES  
(TO_DATE('2019', 'YYYY'), 'FISGE', '111163', TO_DATE('01/09/2019','DD/MM/YYYY'));

INSERT INTO FREQUENTA_EDIZIONE_INSEGNAMENTO(ANNO_ACCADEMICO, CODICE_INSEGNAMENTO, MATRICOLA_STUDENTE, DATA_INS) VALUES  
(TO_DATE('2019', 'YYYY'), 'MMSD', '111163', TO_DATE('01/03/2020','DD/MM/YYYY'));

INSERT INTO FREQUENTA_EDIZIONE_INSEGNAMENTO(ANNO_ACCADEMICO, CODICE_INSEGNAMENTO, MATRICOLA_STUDENTE, DATA_INS) VALUES  
(TO_DATE('2019', 'YYYY'), 'METEO', '111165', TO_DATE('01/03/2020','DD/MM/YYYY'));


-- azienda
INSERT INTO AZIENDA(PARTITA_IVA, NOME, VIA, NUMERO_CIVICO, CAP, CITTA) VALUES  
('800000000000002', 'MANPOWER', 'VIA TIRABUCCHI', '65', '80300', 'AVELLINO');

INSERT INTO AZIENDA(PARTITA_IVA, NOME, VIA, NUMERO_CIVICO, CAP, CITTA) VALUES  
('800000000000003', 'BEANTECH SRL', 'VIA CAMILLERI', '65', '80400', 'BENEVENTO');

INSERT INTO AZIENDA(PARTITA_IVA, NOME, VIA, NUMERO_CIVICO, CAP, CITTA) VALUES  
('800000000000004', 'FASHION JOBS', 'VIA SCATURCHIO', '65', '80500', 'SALERNO');

INSERT INTO AZIENDA(PARTITA_IVA, NOME, VIA, NUMERO_CIVICO, CAP, CITTA) VALUES  
('800000000000005', '4DAYS SRL', 'VIA TRIESTE', '96', '80100', 'NAPOLI');

INSERT INTO AZIENDA(PARTITA_IVA, NOME, VIA, NUMERO_CIVICO, CAP, CITTA) VALUES  
('800000000000006', 'LAMORETTI', 'VIA ASTI', '55', '80200', 'CASERTA');

INSERT INTO AZIENDA(PARTITA_IVA, NOME, VIA, NUMERO_CIVICO, CAP, CITTA) VALUES  
('800000000000007', 'JUROP SPA', 'VIA DEL CORONEO', '19', '80500', 'SALERNO');

INSERT INTO AZIENDA(PARTITA_IVA, NOME, VIA, NUMERO_CIVICO, CAP, CITTA) VALUES  
('800000000000008', 'JOB INFORMATICA', 'VIA SACCHI', '55', '80100', 'NAPOLI');

INSERT INTO AZIENDA(PARTITA_IVA, NOME, VIA, NUMERO_CIVICO, CAP, CITTA) VALUES  
('800000000000009', 'LUMIT SPA', 'VIA TASSO', '60', '80100', 'NAPOLI');

INSERT INTO AZIENDA(PARTITA_IVA, NOME, VIA, NUMERO_CIVICO, CAP, CITTA) VALUES  
('800000000000010', 'MASERATI SPA', 'VIA CAVALLI', '51', '80300', 'AVELLINO');

INSERT INTO AZIENDA(PARTITA_IVA, NOME, VIA, NUMERO_CIVICO, CAP, CITTA) VALUES  
('800000000000011', 'MIPOT SPA', 'VIA FILANGIERI', '35', '80400', 'BENEVENTO');

INSERT INTO AZIENDA(PARTITA_IVA, NOME, VIA, NUMERO_CIVICO, CAP, CITTA) VALUES  
('800000000000012', 'MONOGRID SRL', 'VIA SALLUSTI', '98', '80200', 'CASERTA');

INSERT INTO AZIENDA(PARTITA_IVA, NOME, VIA, NUMERO_CIVICO, CAP, CITTA) VALUES  
('800000000000013', 'MULTITEMA SRL', 'VIA MANZONI', '45', '80400', 'BENEVENTO');

INSERT INTO AZIENDA(PARTITA_IVA, NOME, VIA, NUMERO_CIVICO, CAP, CITTA) VALUES  
('800000000000014', 'PALMA SPA', 'VIA SALOMONE', '56', '80300', 'AVELLINO');

INSERT INTO AZIENDA(PARTITA_IVA, NOME, VIA, NUMERO_CIVICO, CAP, CITTA) VALUES  
('800000000000015', 'SDS SRL', 'VIA BERNA', '10', '80500', 'SALERNO');

INSERT INTO AZIENDA(PARTITA_IVA, NOME, VIA, NUMERO_CIVICO, CAP, CITTA) VALUES  
('800000000000001', 'RANDSTAD', 'VIA BERNINI', '55', '80200', 'CASERTA');


-- tutor aziendale
INSERT INTO TUTOR_AZIENDALE(NUMERO_TESSERINO, NOME, COGNOME, DATA_NASCITA, SESSO, VIA, NUMERO_CIVICO, CAP, CITTA, PARTITA_IVA) VALUES  
('111201','LUCA','BOLLE',TO_DATE('16/07/1972','DD/MM/YYYY'),'M','VIA DE MILLE','62','80100','NAPOLI', '800000000000002');

INSERT INTO TUTOR_AZIENDALE(NUMERO_TESSERINO, NOME, COGNOME, DATA_NASCITA, SESSO, VIA, NUMERO_CIVICO, CAP, CITTA, PARTITA_IVA) VALUES  
('111202','MATTEO','BORGHI',TO_DATE('24/04/1981','DD/MM/YYYY'),'M','VIA SASSI','54','80300','AVELLINO', '800000000000002');

INSERT INTO TUTOR_AZIENDALE(NUMERO_TESSERINO, NOME, COGNOME, DATA_NASCITA, SESSO, VIA, NUMERO_CIVICO, CAP, CITTA, PARTITA_IVA) VALUES  
('111203','MASSIMO','GALLIOTTI',TO_DATE('03/03/1973','DD/MM/YYYY'),'M','VIA BARI','32','80200','CASERTA', '800000000000003');

INSERT INTO TUTOR_AZIENDALE(NUMERO_TESSERINO, NOME, COGNOME, DATA_NASCITA, SESSO, VIA, NUMERO_CIVICO, CAP, CITTA, PARTITA_IVA) VALUES  
('111204','DANIELE','CURTI',TO_DATE('19/02/1977','DD/MM/YYYY'),'M','VIA CAVOUR','151','80400','BENEVENTO', '800000000000004');

INSERT INTO TUTOR_AZIENDALE(NUMERO_TESSERINO, NOME, COGNOME, DATA_NASCITA, SESSO, VIA, NUMERO_CIVICO, CAP, CITTA, PARTITA_IVA) VALUES  
('111205','ANGELO','POSA',TO_DATE('11/09/1975','DD/MM/YYYY'),'M','VIA SASTRI','12','80500','SALERNO', '800000000000005');

INSERT INTO TUTOR_AZIENDALE(NUMERO_TESSERINO, NOME, COGNOME, DATA_NASCITA, SESSO, VIA, NUMERO_CIVICO, CAP, CITTA, PARTITA_IVA) VALUES  
('111206','ANDREA','MARINI',TO_DATE('08/06/1970','DD/MM/YYYY'),'F','VIA DEI CARDINALI','03','80300','AVELLINO', '800000000000006');

INSERT INTO TUTOR_AZIENDALE(NUMERO_TESSERINO, NOME, COGNOME, DATA_NASCITA, SESSO, VIA, NUMERO_CIVICO, CAP, CITTA, PARTITA_IVA) VALUES  
('111207','FRANCO','MONTE',TO_DATE('10/10/1976','DD/MM/YYYY'),'M','VIA SOLIMENA','99','80200','CASERTA', '800000000000007');

INSERT INTO TUTOR_AZIENDALE(NUMERO_TESSERINO, NOME, COGNOME, DATA_NASCITA, SESSO, VIA, NUMERO_CIVICO, CAP, CITTA, PARTITA_IVA) VALUES  
('111208','SANTO','BOSCO',TO_DATE('18/06/1969','DD/MM/YYYY'),'M','VIA DE ROVERI','115','80100','NAPOLI', '800000000000008');

INSERT INTO TUTOR_AZIENDALE(NUMERO_TESSERINO, NOME, COGNOME, DATA_NASCITA, SESSO, VIA, NUMERO_CIVICO, CAP, CITTA, PARTITA_IVA) VALUES  
('111209','DARIO','MONTI',TO_DATE('29/05/1976','DD/MM/YYYY'),'M','VIA MOCCIA','125','80100','NAPOLI', '800000000000009');

INSERT INTO TUTOR_AZIENDALE(NUMERO_TESSERINO, NOME, COGNOME, DATA_NASCITA, SESSO, VIA, NUMERO_CIVICO, CAP, CITTA, PARTITA_IVA) VALUES  
('111210','MARIALUISA','BOSCO',TO_DATE('19/09/1979','DD/MM/YYYY'),'F','VIA BALAUSTRA','11','80100','NAPOLI', '800000000000010');

INSERT INTO TUTOR_AZIENDALE(NUMERO_TESSERINO, NOME, COGNOME, DATA_NASCITA, SESSO, VIA, NUMERO_CIVICO, CAP, CITTA, PARTITA_IVA) VALUES  
('111211','GIANNI','CODA',TO_DATE('07/03/1972','DD/MM/YYYY'),'M','VIA FIRENZE','22','80200','CASERTA', '800000000000011');

INSERT INTO TUTOR_AZIENDALE(NUMERO_TESSERINO, NOME, COGNOME, DATA_NASCITA, SESSO, VIA, NUMERO_CIVICO, CAP, CITTA, PARTITA_IVA) VALUES  
('111212','SALVATORE','TROTTA',TO_DATE('28/04/1974','DD/MM/YYYY'),'M','VIA PADOVA','67','80100','NAPOLI', '800000000000012');

INSERT INTO TUTOR_AZIENDALE(NUMERO_TESSERINO, NOME, COGNOME, DATA_NASCITA, SESSO, VIA, NUMERO_CIVICO, CAP, CITTA, PARTITA_IVA) VALUES  
('111213','GIUSY','MARINO',TO_DATE('02/06/1979','DD/MM/YYYY'),'F','VIA DELLA FORTUNA','50','80400','BENEVENTO', '800000000000013') ;

INSERT INTO TUTOR_AZIENDALE(NUMERO_TESSERINO, NOME, COGNOME, DATA_NASCITA, SESSO, VIA, NUMERO_CIVICO, CAP, CITTA, PARTITA_IVA) VALUES  
('111214','GIOVANNA','SOTTILE',TO_DATE('28/12/1972','DD/MM/YYYY'),'F','VIA SALOMONE','15','80300','AVELLINO', '800000000000014');

INSERT INTO TUTOR_AZIENDALE(NUMERO_TESSERINO, NOME, COGNOME, DATA_NASCITA, SESSO, VIA, NUMERO_CIVICO, CAP, CITTA, PARTITA_IVA) VALUES  
('111215','SANTA','FALCHI',TO_DATE('11/01/1971','DD/MM/YYYY'),'F','VIA SCAVULLI','58','80500','SALERNO', '800000000000015');

INSERT INTO TUTOR_AZIENDALE(NUMERO_TESSERINO, NOME, COGNOME, DATA_NASCITA, SESSO, VIA, NUMERO_CIVICO, CAP, CITTA, PARTITA_IVA) VALUES  
('111200','ANDREA','GALLIOTTI',TO_DATE('08/06/1970','DD/MM/YYYY'),'M','VIA DE GASPARI','62','80500','SALERNO', '800000000000001');


-- tirocinio
INSERT INTO TIROCINIO(NUMERO_TIROCINIO, CFU, DATA_INIZIO, DATA_FINE, TESSERINO_DOCENTE, TESSERINO_TUTOR_AZIENDA, MATRICOLA_STUDENTE) VALUES  
('111111111111311', 12, TO_DATE('01/01/2020','DD/MM/YYYY'), TO_DATE('30/05/2020','DD/MM/YYYY'), '111126', '111212', '111150');

INSERT INTO TIROCINIO(NUMERO_TIROCINIO, CFU, DATA_INIZIO, DATA_FINE, TESSERINO_DOCENTE, TESSERINO_TUTOR_AZIENDA, MATRICOLA_STUDENTE) VALUES  
('111111111111312', 9, TO_DATE('01/01/2020','DD/MM/YYYY'), TO_DATE('30/03/2020','DD/MM/YYYY'), '111128', '111208', '111151');

INSERT INTO TIROCINIO(NUMERO_TIROCINIO, CFU, DATA_INIZIO, DATA_FINE, TESSERINO_DOCENTE, TESSERINO_TUTOR_AZIENDA, MATRICOLA_STUDENTE) VALUES  
('111111111111313', 12, TO_DATE('01/03/2020','DD/MM/YYYY'), TO_DATE('30/05/2020','DD/MM/YYYY'), '111127', '111209', '111152');

INSERT INTO TIROCINIO(NUMERO_TIROCINIO, CFU, DATA_INIZIO, DATA_FINE, TESSERINO_DOCENTE, TESSERINO_TUTOR_AZIENDA, MATRICOLA_STUDENTE) VALUES  
('111111111111314', 12, TO_DATE('01/01/2020','DD/MM/YYYY'), TO_DATE('30/08/2020','DD/MM/YYYY'), '111125', '111210', '111153');

INSERT INTO TIROCINIO(NUMERO_TIROCINIO, CFU, DATA_INIZIO, DATA_FINE, TESSERINO_DOCENTE, TESSERINO_TUTOR_AZIENDA, MATRICOLA_STUDENTE) VALUES  
('111111111111315', 9, TO_DATE('01/04/2020','DD/MM/YYYY'), TO_DATE('30/07/2020','DD/MM/YYYY'), '111124', '111211', '111154');

INSERT INTO TIROCINIO(NUMERO_TIROCINIO, CFU, DATA_INIZIO, DATA_FINE, TESSERINO_DOCENTE, TESSERINO_TUTOR_AZIENDA, MATRICOLA_STUDENTE) VALUES  
('111111111111316', 12, TO_DATE('01/01/2020','DD/MM/YYYY'), TO_DATE('30/06/2020','DD/MM/YYYY'), '111124', '111213', '111155');

INSERT INTO TIROCINIO(NUMERO_TIROCINIO, CFU, DATA_INIZIO, DATA_FINE, TESSERINO_DOCENTE, TESSERINO_TUTOR_AZIENDA, MATRICOLA_STUDENTE) VALUES  
('111111111111317',6, TO_DATE('01/01/2020','DD/MM/YYYY'), TO_DATE('30/03/2020','DD/MM/YYYY'), '111123', '111214', '111156');

INSERT INTO TIROCINIO(NUMERO_TIROCINIO, CFU, DATA_INIZIO, DATA_FINE, TESSERINO_DOCENTE, TESSERINO_TUTOR_AZIENDA, MATRICOLA_STUDENTE) VALUES  
('111111111111318', 9, TO_DATE('01/06/2020','DD/MM/YYYY'), TO_DATE('30/09/2020','DD/MM/YYYY'), '111122', '111215', '111157');

INSERT INTO TIROCINIO(NUMERO_TIROCINIO, CFU, DATA_INIZIO, DATA_FINE, TESSERINO_DOCENTE, TESSERINO_TUTOR_AZIENDA, MATRICOLA_STUDENTE) VALUES  
('111111111111319', 12, TO_DATE('01/01/2020','DD/MM/YYYY'), TO_DATE('30/06/2020','DD/MM/YYYY'), '111121', '111207', '111165');

INSERT INTO TIROCINIO(NUMERO_TIROCINIO, CFU, DATA_INIZIO, DATA_FINE, TESSERINO_DOCENTE, TESSERINO_TUTOR_AZIENDA, MATRICOLA_STUDENTE) VALUES  
('111111111111320', 12, TO_DATE('01/04/2020','DD/MM/YYYY'), TO_DATE('30/07/2020','DD/MM/YYYY'), '111120', '111212', '111159');

INSERT INTO TIROCINIO(NUMERO_TIROCINIO, CFU, DATA_INIZIO, DATA_FINE, TESSERINO_DOCENTE, TESSERINO_TUTOR_AZIENDA, MATRICOLA_STUDENTE) VALUES  
('111111111111321', 6, TO_DATE('01/03/2020','DD/MM/YYYY'), TO_DATE('30/08/2020','DD/MM/YYYY'), '111119', '111206', '111160');

INSERT INTO TIROCINIO(NUMERO_TIROCINIO, CFU, DATA_INIZIO, DATA_FINE, TESSERINO_DOCENTE, TESSERINO_TUTOR_AZIENDA, MATRICOLA_STUDENTE) VALUES  
('111111111111322', 6, TO_DATE('01/09/2020','DD/MM/YYYY'), TO_DATE('30/11/2020','DD/MM/YYYY'), '111119', '111205', '111166');

INSERT INTO TIROCINIO(NUMERO_TIROCINIO, CFU, DATA_INIZIO, DATA_FINE, TESSERINO_DOCENTE, TESSERINO_TUTOR_AZIENDA, MATRICOLA_STUDENTE) VALUES  
('111111111111323', 12, TO_DATE('01/02/2020','DD/MM/YYYY'), TO_DATE('30/05/2020','DD/MM/YYYY'), '111118', '111204', '111161');

INSERT INTO TIROCINIO(NUMERO_TIROCINIO, CFU, DATA_INIZIO, DATA_FINE, TESSERINO_DOCENTE, TESSERINO_TUTOR_AZIENDA, MATRICOLA_STUDENTE) VALUES  
('111111111111324', 9, TO_DATE('01/01/2020','DD/MM/YYYY'), TO_DATE('30/03/2020','DD/MM/YYYY'), '111117', '111203', '111162');

INSERT INTO TIROCINIO(NUMERO_TIROCINIO, CFU, DATA_INIZIO, DATA_FINE, TESSERINO_DOCENTE, TESSERINO_TUTOR_AZIENDA, MATRICOLA_STUDENTE) VALUES  
('111111111111325', 12, TO_DATE('01/01/2020','DD/MM/YYYY'), TO_DATE('30/06/2020','DD/MM/YYYY'), '111117', '111202', '111163');

INSERT INTO TIROCINIO(NUMERO_TIROCINIO, CFU, DATA_INIZIO, DATA_FINE, TESSERINO_DOCENTE, TESSERINO_TUTOR_AZIENDA, MATRICOLA_STUDENTE) VALUES  
('111111111111326', 6, TO_DATE('01/07/2020','DD/MM/YYYY'), TO_DATE('30/08/2020','DD/MM/YYYY'), '111116', '111201', '111164');

INSERT INTO TIROCINIO(NUMERO_TIROCINIO, CFU, DATA_INIZIO, DATA_FINE, TESSERINO_DOCENTE, TESSERINO_TUTOR_AZIENDA, MATRICOLA_STUDENTE) VALUES  
('111111111111327', 6, TO_DATE('01/09/2020','DD/MM/YYYY'), TO_DATE('30/11/2020','DD/MM/YYYY'), '111115', '111201', '111167');


-- questionario
INSERT INTO QUESTIONARIO(NUMERO_QUESTIONARIO, CODICE_INSEGNAMENTO, ANNO_ACCADEMICO, MATERIALE_DIDATTICO, GRADIMENTO, DISPONIBILITA_DOCENTE, PRECISIONE_ORARIO, TESSERINO_DOCENTE, MATRICOLA_STUDENTE, DATA_COMPILAZIONE) VALUES  
('111111', 'SNN', TO_DATE('2019','YYYY'), 4, 5, 3, 2, '111111', '111165', TO_DATE('30/05/2020','DD/MM/YYYY'));

INSERT INTO QUESTIONARIO(NUMERO_QUESTIONARIO, CODICE_INSEGNAMENTO, ANNO_ACCADEMICO, MATERIALE_DIDATTICO, GRADIMENTO, DISPONIBILITA_DOCENTE, PRECISIONE_ORARIO, TESSERINO_DOCENTE, MATRICOLA_STUDENTE, DATA_COMPILAZIONE) VALUES  
('111112', 'ASD', TO_DATE('2019','YYYY'), 4, 4, 4, 4, '111112', '111150', TO_DATE('20/05/2020','DD/MM/YYYY'));

INSERT INTO QUESTIONARIO(NUMERO_QUESTIONARIO, CODICE_INSEGNAMENTO, ANNO_ACCADEMICO, MATERIALE_DIDATTICO, GRADIMENTO, DISPONIBILITA_DOCENTE, PRECISIONE_ORARIO, TESSERINO_DOCENTE, MATRICOLA_STUDENTE, DATA_COMPILAZIONE) VALUES  
('111113', 'BD', TO_DATE('2019','YYYY'), 4, 2, 3, 2, '111113', '111150', TO_DATE('28/05/2020','DD/MM/YYYY'));

INSERT INTO QUESTIONARIO(NUMERO_QUESTIONARIO, CODICE_INSEGNAMENTO, ANNO_ACCADEMICO, MATERIALE_DIDATTICO, GRADIMENTO, DISPONIBILITA_DOCENTE, PRECISIONE_ORARIO, TESSERINO_DOCENTE, MATRICOLA_STUDENTE, DATA_COMPILAZIONE) VALUES  
('111114', 'BIOC', TO_DATE('2019','YYYY'), 5, 5, 2, 5, '111114', '111166', TO_DATE('26/05/2020','DD/MM/YYYY'));

INSERT INTO QUESTIONARIO(NUMERO_QUESTIONARIO, CODICE_INSEGNAMENTO, ANNO_ACCADEMICO, MATERIALE_DIDATTICO, GRADIMENTO, DISPONIBILITA_DOCENTE, PRECISIONE_ORARIO, TESSERINO_DOCENTE, MATRICOLA_STUDENTE, DATA_COMPILAZIONE) VALUES  
('111115', 'ASD', TO_DATE('2019','YYYY'), 1, 5, 5, 2, '111113', '111150', TO_DATE('22/05/2020','DD/MM/YYYY'));

INSERT INTO QUESTIONARIO(NUMERO_QUESTIONARIO, CODICE_INSEGNAMENTO, ANNO_ACCADEMICO, MATERIALE_DIDATTICO, GRADIMENTO, DISPONIBILITA_DOCENTE, PRECISIONE_ORARIO, TESSERINO_DOCENTE, MATRICOLA_STUDENTE, DATA_COMPILAZIONE) VALUES  
('111116', 'CHIMG', TO_DATE('2019','YYYY'), 4, 5, 3, 3, '111115', '111166', TO_DATE('25/05/2020','DD/MM/YYYY'));

INSERT INTO QUESTIONARIO(NUMERO_QUESTIONARIO, CODICE_INSEGNAMENTO, ANNO_ACCADEMICO, MATERIALE_DIDATTICO, GRADIMENTO, DISPONIBILITA_DOCENTE, PRECISIONE_ORARIO, TESSERINO_DOCENTE, MATRICOLA_STUDENTE, DATA_COMPILAZIONE) VALUES  
('111117', 'CHIMG', TO_DATE('2019','YYYY'), 3, 3, 3, 4, '111116', '111166', TO_DATE('26/05/2020','DD/MM/YYYY'));

INSERT INTO QUESTIONARIO(NUMERO_QUESTIONARIO, CODICE_INSEGNAMENTO, ANNO_ACCADEMICO, MATERIALE_DIDATTICO, GRADIMENTO, DISPONIBILITA_DOCENTE, PRECISIONE_ORARIO, TESSERINO_DOCENTE, MATRICOLA_STUDENTE, DATA_COMPILAZIONE) VALUES  
('111118', 'OCEA', TO_DATE('2019','YYYY'), 4, 2, 2, 3, '111117', '111156', TO_DATE('22/05/2020','DD/MM/YYYY'));

INSERT INTO QUESTIONARIO(NUMERO_QUESTIONARIO, CODICE_INSEGNAMENTO, ANNO_ACCADEMICO, MATERIALE_DIDATTICO, GRADIMENTO, DISPONIBILITA_DOCENTE, PRECISIONE_ORARIO, TESSERINO_DOCENTE, MATRICOLA_STUDENTE, DATA_COMPILAZIONE) VALUES  
('111119', 'METEO', TO_DATE('2019','YYYY'), 1, 2, 1, 2, '111118', '111156', TO_DATE('28/05/2020','DD/MM/YYYY'));

INSERT INTO QUESTIONARIO(NUMERO_QUESTIONARIO, CODICE_INSEGNAMENTO, ANNO_ACCADEMICO, MATERIALE_DIDATTICO, GRADIMENTO, DISPONIBILITA_DOCENTE, PRECISIONE_ORARIO, TESSERINO_DOCENTE, MATRICOLA_STUDENTE, DATA_COMPILAZIONE) VALUES  
('111120', 'MACL', TO_DATE('2019','YYYY'), 3, 4, 4, 4, '111119', '111159', TO_DATE('25/05/2020','DD/MM/YYYY'));

INSERT INTO QUESTIONARIO(NUMERO_QUESTIONARIO, CODICE_INSEGNAMENTO, ANNO_ACCADEMICO, MATERIALE_DIDATTICO, GRADIMENTO, DISPONIBILITA_DOCENTE, PRECISIONE_ORARIO, TESSERINO_DOCENTE, MATRICOLA_STUDENTE, DATA_COMPILAZIONE) VALUES  
('111121', 'COMG', TO_DATE('2019','YYYY'), 2, 2, 4, 5, '111111', '111159', TO_DATE('30/05/2020','DD/MM/YYYY'));

INSERT INTO QUESTIONARIO(NUMERO_QUESTIONARIO, CODICE_INSEGNAMENTO, ANNO_ACCADEMICO, MATERIALE_DIDATTICO, GRADIMENTO, DISPONIBILITA_DOCENTE, PRECISIONE_ORARIO, TESSERINO_DOCENTE, MATRICOLA_STUDENTE, DATA_COMPILAZIONE) VALUES  
('111122', 'BIODIV', TO_DATE('2019','YYYY'), 3, 4, 3, 2, '111121', '111157', TO_DATE('30/05/2020','DD/MM/YYYY')) ;

INSERT INTO QUESTIONARIO(NUMERO_QUESTIONARIO, CODICE_INSEGNAMENTO, ANNO_ACCADEMICO, MATERIALE_DIDATTICO, GRADIMENTO, DISPONIBILITA_DOCENTE, PRECISIONE_ORARIO, TESSERINO_DOCENTE, MATRICOLA_STUDENTE, DATA_COMPILAZIONE) VALUES  
('111123', 'METEOA', TO_DATE('2019','YYYY'), 5, 5, 3, 2, '111118', '111167', TO_DATE('19/05/2020','DD/MM/YYYY'));

INSERT INTO QUESTIONARIO(NUMERO_QUESTIONARIO, CODICE_INSEGNAMENTO, ANNO_ACCADEMICO, MATERIALE_DIDATTICO, GRADIMENTO, DISPONIBILITA_DOCENTE, PRECISIONE_ORARIO, TESSERINO_DOCENTE, MATRICOLA_STUDENTE, DATA_COMPILAZIONE) VALUES  
('111124', 'NAVSAT', TO_DATE('2019','YYYY'), 4, 5, 1, 2, '111122', '111167', TO_DATE('11/05/2020','DD/MM/YYYY')) ;

INSERT INTO QUESTIONARIO(NUMERO_QUESTIONARIO, CODICE_INSEGNAMENTO, ANNO_ACCADEMICO, MATERIALE_DIDATTICO, GRADIMENTO, DISPONIBILITA_DOCENTE, PRECISIONE_ORARIO, TESSERINO_DOCENTE, MATRICOLA_STUDENTE, DATA_COMPILAZIONE) VALUES  
('111125', 'MICROB', TO_DATE('2019','YYYY'), 2, 2, 3, 2, '111120', '111157', TO_DATE('24/05/2020','DD/MM/YYYY'));

INSERT INTO QUESTIONARIO(NUMERO_QUESTIONARIO, CODICE_INSEGNAMENTO, ANNO_ACCADEMICO, MATERIALE_DIDATTICO, GRADIMENTO, DISPONIBILITA_DOCENTE, PRECISIONE_ORARIO, TESSERINO_DOCENTE, MATRICOLA_STUDENTE, DATA_COMPILAZIONE) VALUES  
('111126', 'SCIES', TO_DATE('2019','YYYY'), 4, 2, 1, 2, '111123', '111157', TO_DATE('26/05/2020','DD/MM/YYYY')) ;

INSERT INTO QUESTIONARIO(NUMERO_QUESTIONARIO, CODICE_INSEGNAMENTO, ANNO_ACCADEMICO, MATERIALE_DIDATTICO, GRADIMENTO, DISPONIBILITA_DOCENTE, PRECISIONE_ORARIO, TESSERINO_DOCENTE, MATRICOLA_STUDENTE, DATA_COMPILAZIONE) VALUES  
('111127', 'IMPE', TO_DATE('2019','YYYY'), 1, 1, 3, 2, '111124', '111154', TO_DATE('27/05/2020','DD/MM/YYYY'));

INSERT INTO QUESTIONARIO(NUMERO_QUESTIONARIO, CODICE_INSEGNAMENTO, ANNO_ACCADEMICO, MATERIALE_DIDATTICO, GRADIMENTO, DISPONIBILITA_DOCENTE, PRECISIONE_ORARIO, TESSERINO_DOCENTE, MATRICOLA_STUDENTE, DATA_COMPILAZIONE) VALUES  
('111128', 'MACC', TO_DATE('2019','YYYY'), 4, 3, 1, 2, '111125', '111152', TO_DATE('25/05/2020','DD/MM/YYYY'));

INSERT INTO QUESTIONARIO(NUMERO_QUESTIONARIO, CODICE_INSEGNAMENTO, ANNO_ACCADEMICO, MATERIALE_DIDATTICO, GRADIMENTO, DISPONIBILITA_DOCENTE, PRECISIONE_ORARIO, TESSERINO_DOCENTE, MATRICOLA_STUDENTE, DATA_COMPILAZIONE) VALUES  
('111129', 'IDRA', TO_DATE('2019','YYYY'), 2, 2, 3, 2, '111126', '111151', TO_DATE('26/05/2020','DD/MM/YYYY'));

INSERT INTO QUESTIONARIO(NUMERO_QUESTIONARIO, CODICE_INSEGNAMENTO, ANNO_ACCADEMICO, MATERIALE_DIDATTICO, GRADIMENTO, DISPONIBILITA_DOCENTE, PRECISIONE_ORARIO, TESSERINO_DOCENTE, MATRICOLA_STUDENTE, DATA_COMPILAZIONE) VALUES  
('111130', 'CIDRA', TO_DATE('2019','YYYY'), 1, 2, 3, 2, '111125', '111151', TO_DATE('19/05/2020','DD/MM/YYYY'));

INSERT INTO QUESTIONARIO(NUMERO_QUESTIONARIO, CODICE_INSEGNAMENTO, ANNO_ACCADEMICO, MATERIALE_DIDATTICO, GRADIMENTO, DISPONIBILITA_DOCENTE, PRECISIONE_ORARIO, TESSERINO_DOCENTE, MATRICOLA_STUDENTE, DATA_COMPILAZIONE) VALUES  
('111131', 'PROGCE', TO_DATE('2019','YYYY'), 4, 5, 4, 4, '111119', '111162', TO_DATE('24/05/2020','DD/MM/YYYY'));

INSERT INTO QUESTIONARIO(NUMERO_QUESTIONARIO, CODICE_INSEGNAMENTO, ANNO_ACCADEMICO, MATERIALE_DIDATTICO, GRADIMENTO, DISPONIBILITA_DOCENTE, PRECISIONE_ORARIO, TESSERINO_DOCENTE, MATRICOLA_STUDENTE, DATA_COMPILAZIONE) VALUES  
('111132', 'ELETT', TO_DATE('2019','YYYY'), 4, 5, 5, 5, '111127', '111162', TO_DATE('22/05/2020','DD/MM/YYYY'));

INSERT INTO QUESTIONARIO(NUMERO_QUESTIONARIO, CODICE_INSEGNAMENTO, ANNO_ACCADEMICO, MATERIALE_DIDATTICO, GRADIMENTO, DISPONIBILITA_DOCENTE, PRECISIONE_ORARIO, TESSERINO_DOCENTE, MATRICOLA_STUDENTE, DATA_COMPILAZIONE) VALUES  
('111133', 'OCEAC', TO_DATE('2019','YYYY'), 1, 1, 1, 2, '111117', '111160', TO_DATE('21/05/2020','DD/MM/YYYY')) ;

INSERT INTO QUESTIONARIO(NUMERO_QUESTIONARIO, CODICE_INSEGNAMENTO, ANNO_ACCADEMICO, MATERIALE_DIDATTICO, GRADIMENTO, DISPONIBILITA_DOCENTE, PRECISIONE_ORARIO, TESSERINO_DOCENTE, MATRICOLA_STUDENTE, DATA_COMPILAZIONE) VALUES  
('111134', 'ENED', TO_DATE('2019','YYYY'), 3, 3, 3, 2, '111124', '111160', TO_DATE('26/05/2020','DD/MM/YYYY'));

INSERT INTO QUESTIONARIO(NUMERO_QUESTIONARIO, CODICE_INSEGNAMENTO, ANNO_ACCADEMICO, MATERIALE_DIDATTICO, GRADIMENTO, DISPONIBILITA_DOCENTE, PRECISIONE_ORARIO, TESSERINO_DOCENTE, MATRICOLA_STUDENTE, DATA_COMPILAZIONE) VALUES  
('111135', 'RTI', TO_DATE('2019','YYYY'), 4, 4, 3, 2, '111128', '111161', TO_DATE('27/05/2020','DD/MM/YYYY'));

INSERT INTO QUESTIONARIO(NUMERO_QUESTIONARIO, CODICE_INSEGNAMENTO, ANNO_ACCADEMICO, MATERIALE_DIDATTICO, GRADIMENTO, DISPONIBILITA_DOCENTE, PRECISIONE_ORARIO, TESSERINO_DOCENTE, MATRICOLA_STUDENTE, DATA_COMPILAZIONE) VALUES  
('111136', 'TI', TO_DATE('2019','YYYY'), 4, 1, 1, 2, '111124', '111161', TO_DATE('27/05/2020','DD/MM/YYYY'));

INSERT INTO QUESTIONARIO(NUMERO_QUESTIONARIO, CODICE_INSEGNAMENTO, ANNO_ACCADEMICO, MATERIALE_DIDATTICO, GRADIMENTO, DISPONIBILITA_DOCENTE, PRECISIONE_ORARIO, TESSERINO_DOCENTE, MATRICOLA_STUDENTE, DATA_COMPILAZIONE) VALUES  
('111137', 'GSE', TO_DATE('2019','YYYY'), 2, 2, 2, 2, '111127', '111151', TO_DATE('26/05/2020','DD/MM/YYYY'));

INSERT INTO QUESTIONARIO(NUMERO_QUESTIONARIO, CODICE_INSEGNAMENTO, ANNO_ACCADEMICO, MATERIALE_DIDATTICO, GRADIMENTO, DISPONIBILITA_DOCENTE, PRECISIONE_ORARIO, TESSERINO_DOCENTE, MATRICOLA_STUDENTE, DATA_COMPILAZIONE) VALUES  
('111138', 'AI', TO_DATE('2019','YYYY'), 3, 3, 3, 3, '111129', '111151', TO_DATE('20/05/2020','DD/MM/YYYY'));

INSERT INTO QUESTIONARIO(NUMERO_QUESTIONARIO, CODICE_INSEGNAMENTO, ANNO_ACCADEMICO, MATERIALE_DIDATTICO, GRADIMENTO, DISPONIBILITA_DOCENTE, PRECISIONE_ORARIO, TESSERINO_DOCENTE, MATRICOLA_STUDENTE, DATA_COMPILAZIONE) VALUES  
('111139', 'END', TO_DATE('2019','YYYY'), 4, 4, 3, 2, '111121', '111155', TO_DATE('18/05/2020','DD/MM/YYYY'));

INSERT INTO QUESTIONARIO(NUMERO_QUESTIONARIO, CODICE_INSEGNAMENTO, ANNO_ACCADEMICO, MATERIALE_DIDATTICO, GRADIMENTO, DISPONIBILITA_DOCENTE, PRECISIONE_ORARIO, TESSERINO_DOCENTE, MATRICOLA_STUDENTE, DATA_COMPILAZIONE) VALUES  
('111140', 'NEU', TO_DATE('2019','YYYY'), 4, 2, 3, 2, '111129', '111155', TO_DATE('16/05/2020','DD/MM/YYYY'));

INSERT INTO QUESTIONARIO(NUMERO_QUESTIONARIO, CODICE_INSEGNAMENTO, ANNO_ACCADEMICO, MATERIALE_DIDATTICO, GRADIMENTO, DISPONIBILITA_DOCENTE, PRECISIONE_ORARIO, TESSERINO_DOCENTE, MATRICOLA_STUDENTE, DATA_COMPILAZIONE) VALUES  
('111144', 'AEA', TO_DATE('2019','YYYY'), 4, 2, 2, 2, '111129', '111172', TO_DATE('28/05/2020','DD/MM/YYYY'));

INSERT INTO QUESTIONARIO(NUMERO_QUESTIONARIO, CODICE_INSEGNAMENTO, ANNO_ACCADEMICO, MATERIALE_DIDATTICO, GRADIMENTO, DISPONIBILITA_DOCENTE, PRECISIONE_ORARIO, TESSERINO_DOCENTE, MATRICOLA_STUDENTE, DATA_COMPILAZIONE) VALUES  
('111141', 'BPAS', TO_DATE('2019','YYYY'), 4, 3, 3, 5, '111130', '111172', TO_DATE('23/05/2020','DD/MM/YYYY'));

INSERT INTO QUESTIONARIO(NUMERO_QUESTIONARIO, CODICE_INSEGNAMENTO, ANNO_ACCADEMICO, MATERIALE_DIDATTICO, GRADIMENTO, DISPONIBILITA_DOCENTE, PRECISIONE_ORARIO, TESSERINO_DOCENTE, MATRICOLA_STUDENTE, DATA_COMPILAZIONE) VALUES  
('111142', 'FISGE', TO_DATE('2019','YYYY'), 4, 5, 4, 5, '111130', '111163', TO_DATE('21/05/2020','DD/MM/YYYY'));

INSERT INTO QUESTIONARIO(NUMERO_QUESTIONARIO, CODICE_INSEGNAMENTO, ANNO_ACCADEMICO, MATERIALE_DIDATTICO, GRADIMENTO, DISPONIBILITA_DOCENTE, PRECISIONE_ORARIO, TESSERINO_DOCENTE, MATRICOLA_STUDENTE, DATA_COMPILAZIONE) VALUES  
('111143', 'MMSD', TO_DATE('2019','YYYY'), 4, 4, 3, 5, '111120', '111163', TO_DATE('18/05/2020','DD/MM/YYYY'));

INSERT INTO QUESTIONARIO(NUMERO_QUESTIONARIO, CODICE_INSEGNAMENTO, ANNO_ACCADEMICO, MATERIALE_DIDATTICO, GRADIMENTO, DISPONIBILITA_DOCENTE, PRECISIONE_ORARIO, TESSERINO_DOCENTE, MATRICOLA_STUDENTE, DATA_COMPILAZIONE) VALUES  
('111144', 'METEO', TO_DATE('2019','YYYY'), 1, 2, 1, 2, '111118', '111165', TO_DATE('28/05/2020','DD/MM/YYYY'));

INSERT INTO QUESTIONARIO(NUMERO_QUESTIONARIO, CODICE_INSEGNAMENTO, ANNO_ACCADEMICO, MATERIALE_DIDATTICO, GRADIMENTO, DISPONIBILITA_DOCENTE, PRECISIONE_ORARIO, TESSERINO_DOCENTE, MATRICOLA_STUDENTE, DATA_COMPILAZIONE) VALUES  
('111145', 'ASD', TO_DATE('2019','YYYY'), 4, 5, 4, 5, '111113', '111153', TO_DATE('21/05/2020','DD/MM/YYYY'));

INSERT INTO QUESTIONARIO(NUMERO_QUESTIONARIO, CODICE_INSEGNAMENTO, ANNO_ACCADEMICO, MATERIALE_DIDATTICO, GRADIMENTO, DISPONIBILITA_DOCENTE, PRECISIONE_ORARIO, TESSERINO_DOCENTE, MATRICOLA_STUDENTE, DATA_COMPILAZIONE) VALUES  
('111146', 'BIOC', TO_DATE('2019','YYYY'), 4, 4, 3, 5, '111115', '111153', TO_DATE('18/05/2020','DD/MM/YYYY'));

INSERT INTO QUESTIONARIO(NUMERO_QUESTIONARIO, CODICE_INSEGNAMENTO, ANNO_ACCADEMICO, MATERIALE_DIDATTICO, GRADIMENTO, DISPONIBILITA_DOCENTE, PRECISIONE_ORARIO, TESSERINO_DOCENTE, MATRICOLA_STUDENTE, DATA_COMPILAZIONE) VALUES  
('111147', 'IDRA', TO_DATE('2019','YYYY'), 2, 2, 3, 2, '111125', '111152', TO_DATE('26/05/2020','DD/MM/YYYY'));

INSERT INTO QUESTIONARIO(NUMERO_QUESTIONARIO, CODICE_INSEGNAMENTO, ANNO_ACCADEMICO, MATERIALE_DIDATTICO, GRADIMENTO, DISPONIBILITA_DOCENTE, PRECISIONE_ORARIO, TESSERINO_DOCENTE, MATRICOLA_STUDENTE, DATA_COMPILAZIONE) VALUES  
('111148', 'CIDRA', TO_DATE('2019','YYYY'), 1, 2, 3, 2, '111126', '111152', TO_DATE('19/05/2020','DD/MM/YYYY'));


-- appello
INSERT INTO APPELLO(ANNO_ACCADEMICO, DATA_APPELLO, CODICE_INSEGNAMENTO, DATA_INIZIO, DATA_FINE, MAX_STUDENTI, TIPO) VALUES 
(TO_DATE('2019','YYYY'), TO_DATE('30/06/2020','DD/MM/YYYY'), 'SNN', TO_DATE('11/06/2020','DD/MM/YYYY'),TO_DATE('24/06/2020','DD/MM/YYYY'), 20,'ORALE');

INSERT INTO APPELLO(ANNO_ACCADEMICO, DATA_APPELLO, CODICE_INSEGNAMENTO, DATA_INIZIO, DATA_FINE, MAX_STUDENTI, TIPO) VALUES 
(TO_DATE('2019','YYYY'), TO_DATE('15/06/2020','DD/MM/YYYY'), 'ASD', TO_DATE('01/06/2020','DD/MM/YYYY'),TO_DATE('14/06/2020','DD/MM/YYYY'), 20,'SCRITTO');

INSERT INTO APPELLO(ANNO_ACCADEMICO, DATA_APPELLO, CODICE_INSEGNAMENTO, DATA_INIZIO, DATA_FINE, MAX_STUDENTI, TIPO) VALUES 
(TO_DATE('2019','YYYY'), TO_DATE('23/07/2020','DD/MM/YYYY'), 'BD', TO_DATE('21/07/2020','DD/MM/YYYY'),TO_DATE('22/07/2020','DD/MM/YYYY'), 15,'SCRITTO');

INSERT INTO APPELLO(ANNO_ACCADEMICO, DATA_APPELLO, CODICE_INSEGNAMENTO, DATA_INIZIO, DATA_FINE, MAX_STUDENTI, TIPO) VALUES 
(TO_DATE('2019','YYYY'), TO_DATE('17/06/2020','DD/MM/YYYY'), 'BIOC', TO_DATE('01/06/2020','DD/MM/YYYY'),TO_DATE('16/06/2020','DD/MM/YYYY'), 15,'ORALE');

INSERT INTO APPELLO(ANNO_ACCADEMICO, DATA_APPELLO, CODICE_INSEGNAMENTO, DATA_INIZIO, DATA_FINE, MAX_STUDENTI, TIPO) VALUES 
(TO_DATE('2019','YYYY'), TO_DATE('15/06/2020','DD/MM/YYYY'), 'CHIMG', TO_DATE('02/06/2020','DD/MM/YYYY'),TO_DATE('14/06/2020','DD/MM/YYYY'), 20,'ORALE');

INSERT INTO APPELLO(ANNO_ACCADEMICO, DATA_APPELLO, CODICE_INSEGNAMENTO, DATA_INIZIO, DATA_FINE, MAX_STUDENTI, TIPO) VALUES 
(TO_DATE('2019','YYYY'), TO_DATE('28/07/2020','DD/MM/YYYY'), 'METEO', TO_DATE('14/07/2020','DD/MM/YYYY'),TO_DATE('27/07/2020','DD/MM/YYYY'), 20,'ORALE');

INSERT INTO APPELLO(ANNO_ACCADEMICO, DATA_APPELLO, CODICE_INSEGNAMENTO, DATA_INIZIO, DATA_FINE, MAX_STUDENTI, TIPO) VALUES 
(TO_DATE('2019','YYYY'), TO_DATE('29/07/2020','DD/MM/YYYY'), 'METEO', TO_DATE('14/07/2020','DD/MM/YYYY'),TO_DATE('27/07/2020','DD/MM/YYYY'), 20,'ORALE');

INSERT INTO APPELLO(ANNO_ACCADEMICO, DATA_APPELLO, CODICE_INSEGNAMENTO, DATA_INIZIO, DATA_FINE, MAX_STUDENTI, TIPO) VALUES 
(TO_DATE('2019','YYYY'), TO_DATE('23/06/2020','DD/MM/YYYY'), 'OCEA', TO_DATE('01/06/2020','DD/MM/YYYY'),TO_DATE('20/06/2020','DD/MM/YYYY'), 10,'SCRITTO');

INSERT INTO APPELLO(ANNO_ACCADEMICO, DATA_APPELLO, CODICE_INSEGNAMENTO, DATA_INIZIO, DATA_FINE, MAX_STUDENTI, TIPO) VALUES 
(TO_DATE('2019','YYYY'), TO_DATE('22/07/2020','DD/MM/YYYY'), 'MACL', TO_DATE('01/07/2020','DD/MM/YYYY'),TO_DATE('14/07/2020','DD/MM/YYYY'), 10,'SCRITTO');

INSERT INTO APPELLO(ANNO_ACCADEMICO, DATA_APPELLO, CODICE_INSEGNAMENTO, DATA_INIZIO, DATA_FINE, MAX_STUDENTI, TIPO) VALUES 
(TO_DATE('2019','YYYY'), TO_DATE('29/06/2020','DD/MM/YYYY'), 'COMG', TO_DATE('15/06/2020','DD/MM/YYYY'),TO_DATE('28/06/2020','DD/MM/YYYY'), 20,'SCRITTO');

INSERT INTO APPELLO(ANNO_ACCADEMICO, DATA_APPELLO, CODICE_INSEGNAMENTO, DATA_INIZIO, DATA_FINE, MAX_STUDENTI, TIPO) VALUES 
(TO_DATE('2019','YYYY'), TO_DATE('22/06/2020','DD/MM/YYYY'), 'BIODIV', TO_DATE('01/06/2020','DD/MM/YYYY'),TO_DATE('20/06/2020','DD/MM/YYYY'), 10,'ORALE');

INSERT INTO APPELLO(ANNO_ACCADEMICO, DATA_APPELLO, CODICE_INSEGNAMENTO, DATA_INIZIO, DATA_FINE, MAX_STUDENTI, TIPO) VALUES 
(TO_DATE('2019','YYYY'), TO_DATE('24/06/2020','DD/MM/YYYY'), 'METEOA', TO_DATE('10/06/2020','DD/MM/YYYY'),TO_DATE('20/06/2020','DD/MM/YYYY'), 20,'ORALE');

INSERT INTO APPELLO(ANNO_ACCADEMICO, DATA_APPELLO, CODICE_INSEGNAMENTO, DATA_INIZIO, DATA_FINE, MAX_STUDENTI, TIPO) VALUES 
(TO_DATE('2019','YYYY'), TO_DATE('29/07/2020','DD/MM/YYYY'), 'NAVSAT', TO_DATE('10/07/2020','DD/MM/YYYY'),TO_DATE('28/07/2020','DD/MM/YYYY'), 20,'SCRITTO');

INSERT INTO APPELLO(ANNO_ACCADEMICO, DATA_APPELLO, CODICE_INSEGNAMENTO, DATA_INIZIO, DATA_FINE, MAX_STUDENTI, TIPO) VALUES 
(TO_DATE('2019','YYYY'), TO_DATE('22/06/2020','DD/MM/YYYY'), 'MICROB', TO_DATE('01/06/2020','DD/MM/YYYY'),TO_DATE('21/06/2020','DD/MM/YYYY'), 20,'ORALE');

INSERT INTO APPELLO(ANNO_ACCADEMICO, DATA_APPELLO, CODICE_INSEGNAMENTO, DATA_INIZIO, DATA_FINE, MAX_STUDENTI, TIPO) VALUES 
(TO_DATE('2019','YYYY'), TO_DATE('04/07/2020','DD/MM/YYYY'), 'SCIES', TO_DATE('20/06/2020','DD/MM/YYYY'),TO_DATE('03/07/2020','DD/MM/YYYY'), 15,'ORALE');

INSERT INTO APPELLO(ANNO_ACCADEMICO, DATA_APPELLO, CODICE_INSEGNAMENTO, DATA_INIZIO, DATA_FINE, MAX_STUDENTI, TIPO) VALUES 
(TO_DATE('2019','YYYY'), TO_DATE('01/07/2020','DD/MM/YYYY'), 'IMPE', TO_DATE('20/06/2020','DD/MM/YYYY'),TO_DATE('30/06/2020','DD/MM/YYYY'), 20,'SCRITTO');

INSERT INTO APPELLO(ANNO_ACCADEMICO, DATA_APPELLO, CODICE_INSEGNAMENTO, DATA_INIZIO, DATA_FINE, MAX_STUDENTI, TIPO) VALUES 
(TO_DATE('2019','YYYY'), TO_DATE('27/06/2020','DD/MM/YYYY'), 'MACC', TO_DATE('15/06/2020','DD/MM/YYYY'),TO_DATE('26/06/2020','DD/MM/YYYY'), 20,'ORALE');

INSERT INTO APPELLO(ANNO_ACCADEMICO, DATA_APPELLO, CODICE_INSEGNAMENTO, DATA_INIZIO, DATA_FINE, MAX_STUDENTI, TIPO) VALUES 
(TO_DATE('2019','YYYY'), TO_DATE('30/06/2020','DD/MM/YYYY'), 'IDRA', TO_DATE('15/06/2020','DD/MM/YYYY'),TO_DATE('29/06/2020','DD/MM/YYYY'), 20,'ORALE');

INSERT INTO APPELLO(ANNO_ACCADEMICO, DATA_APPELLO, CODICE_INSEGNAMENTO, DATA_INIZIO, DATA_FINE, MAX_STUDENTI, TIPO) VALUES 
(TO_DATE('2019','YYYY'), TO_DATE('11/07/2020','DD/MM/YYYY'), 'CIDRA', TO_DATE('28/06/2020','DD/MM/YYYY'),TO_DATE('10/07/2020','DD/MM/YYYY'), 20,'SCRITTO');

INSERT INTO APPELLO(ANNO_ACCADEMICO, DATA_APPELLO, CODICE_INSEGNAMENTO, DATA_INIZIO, DATA_FINE, MAX_STUDENTI, TIPO) VALUES 
(TO_DATE('2019','YYYY'), TO_DATE('22/07/2020','DD/MM/YYYY'), 'PROGCE', TO_DATE('01/07/2020','DD/MM/YYYY'),TO_DATE('21/07/2020','DD/MM/YYYY'), 15,'SCRITTO');

INSERT INTO APPELLO(ANNO_ACCADEMICO, DATA_APPELLO, CODICE_INSEGNAMENTO, DATA_INIZIO, DATA_FINE, MAX_STUDENTI, TIPO) VALUES 
(TO_DATE('2019','YYYY'), TO_DATE('17/06/2020','DD/MM/YYYY'), 'ELETT', TO_DATE('01/06/2020','DD/MM/YYYY'),TO_DATE('16/06/2020','DD/MM/YYYY'), 20,'SCRITTO');

INSERT INTO APPELLO(ANNO_ACCADEMICO, DATA_APPELLO, CODICE_INSEGNAMENTO, DATA_INIZIO, DATA_FINE, MAX_STUDENTI, TIPO) VALUES 
(TO_DATE('2019','YYYY'), TO_DATE('23/07/2020','DD/MM/YYYY'), 'OCEAC', TO_DATE('13/07/2020','DD/MM/YYYY'),TO_DATE('22/07/2020','DD/MM/YYYY'), 15,'ORALE');

INSERT INTO APPELLO(ANNO_ACCADEMICO, DATA_APPELLO, CODICE_INSEGNAMENTO, DATA_INIZIO, DATA_FINE, MAX_STUDENTI, TIPO) VALUES 
(TO_DATE('2019','YYYY'), TO_DATE('19/06/2020','DD/MM/YYYY'), 'ENED', TO_DATE('01/06/2020','DD/MM/YYYY'),TO_DATE('18/06/2020','DD/MM/YYYY'), 20,'SCRITTO');

INSERT INTO APPELLO(ANNO_ACCADEMICO, DATA_APPELLO, CODICE_INSEGNAMENTO, DATA_INIZIO, DATA_FINE, MAX_STUDENTI, TIPO) VALUES 
(TO_DATE('2019','YYYY'), TO_DATE('10/07/2020','DD/MM/YYYY'), 'RTI', TO_DATE('01/07/2020','DD/MM/YYYY'),TO_DATE('09/07/2020','DD/MM/YYYY'), 10,'SCRITTO');

INSERT INTO APPELLO(ANNO_ACCADEMICO, DATA_APPELLO, CODICE_INSEGNAMENTO, DATA_INIZIO, DATA_FINE, MAX_STUDENTI, TIPO) VALUES 
(TO_DATE('2019','YYYY'), TO_DATE('14/06/2020','DD/MM/YYYY'), 'TI', TO_DATE('01/06/2020','DD/MM/YYYY'),TO_DATE('13/06/2020','DD/MM/YYYY'), 20,'ORALE');

INSERT INTO APPELLO(ANNO_ACCADEMICO, DATA_APPELLO, CODICE_INSEGNAMENTO, DATA_INIZIO, DATA_FINE, MAX_STUDENTI, TIPO) VALUES 
(TO_DATE('2019','YYYY'), TO_DATE('25/06/2020','DD/MM/YYYY'), 'GSE', TO_DATE('15/06/2020','DD/MM/YYYY'),TO_DATE('24/06/2020','DD/MM/YYYY'), 15,'SCRITTO');

INSERT INTO APPELLO(ANNO_ACCADEMICO, DATA_APPELLO, CODICE_INSEGNAMENTO, DATA_INIZIO, DATA_FINE, MAX_STUDENTI, TIPO) VALUES 
(TO_DATE('2019','YYYY'), TO_DATE('18/07/2020','DD/MM/YYYY'), 'AI', TO_DATE('01/07/2020','DD/MM/YYYY'),TO_DATE('17/07/2020','DD/MM/YYYY'), 20,'ORALE');

INSERT INTO APPELLO(ANNO_ACCADEMICO, DATA_APPELLO, CODICE_INSEGNAMENTO, DATA_INIZIO, DATA_FINE, MAX_STUDENTI, TIPO) VALUES 
(TO_DATE('2019','YYYY'), TO_DATE('30/06/2020','DD/MM/YYYY'), 'END', TO_DATE('11/06/2020','DD/MM/YYYY'),TO_DATE('27/06/2020','DD/MM/YYYY'), 20,'ORALE');

INSERT INTO APPELLO(ANNO_ACCADEMICO, DATA_APPELLO, CODICE_INSEGNAMENTO, DATA_INIZIO, DATA_FINE, MAX_STUDENTI, TIPO) VALUES 
(TO_DATE('2019','YYYY'), TO_DATE('30/07/2020','DD/MM/YYYY'), 'NEU', TO_DATE('15/06/2020','DD/MM/YYYY'),TO_DATE('28/07/2020','DD/MM/YYYY'), 20,'ORALE') ;

INSERT INTO APPELLO(ANNO_ACCADEMICO, DATA_APPELLO, CODICE_INSEGNAMENTO, DATA_INIZIO, DATA_FINE, MAX_STUDENTI, TIPO) VALUES 
(TO_DATE('2019','YYYY'), TO_DATE('28/06/2020','DD/MM/YYYY'), 'AEA', TO_DATE('14/06/2020','DD/MM/YYYY'),TO_DATE('27/06/2020','DD/MM/YYYY'), 10,'ORALE');

INSERT INTO APPELLO(ANNO_ACCADEMICO, DATA_APPELLO, CODICE_INSEGNAMENTO, DATA_INIZIO, DATA_FINE, MAX_STUDENTI, TIPO) VALUES 
(TO_DATE('2019','YYYY'), TO_DATE('28/07/2020','DD/MM/YYYY'), 'BPAS', TO_DATE('15/06/2020','DD/MM/YYYY'),TO_DATE('27/07/2020','DD/MM/YYYY'), 20,'ORALE');

INSERT INTO APPELLO(ANNO_ACCADEMICO, DATA_APPELLO, CODICE_INSEGNAMENTO, DATA_INIZIO, DATA_FINE, MAX_STUDENTI, TIPO) VALUES 
(TO_DATE('2019','YYYY'), TO_DATE('30/06/2020','DD/MM/YYYY'), 'FISGE', TO_DATE('15/06/2020','DD/MM/YYYY'),TO_DATE('27/06/2020','DD/MM/YYYY'), 10,'ORALE');

INSERT INTO APPELLO(ANNO_ACCADEMICO, DATA_APPELLO, CODICE_INSEGNAMENTO, DATA_INIZIO, DATA_FINE, MAX_STUDENTI, TIPO) VALUES 
(TO_DATE('2019','YYYY'), TO_DATE('15/07/2020','DD/MM/YYYY'), 'MMSD', TO_DATE('01/07/2020','DD/MM/YYYY'),TO_DATE('14/07/2020','DD/MM/YYYY'), 20,'ORALE');

INSERT INTO APPELLO(ANNO_ACCADEMICO, DATA_APPELLO, CODICE_INSEGNAMENTO, DATA_INIZIO, DATA_FINE, MAX_STUDENTI, TIPO) VALUES 
(TO_DATE('2019','YYYY'), TO_DATE('30/06/2020','DD/MM/YYYY'), 'ASD', TO_DATE('15/06/2020','DD/MM/YYYY'),TO_DATE('27/06/2020','DD/MM/YYYY'), 10,'SCRITTO');

INSERT INTO APPELLO(ANNO_ACCADEMICO, DATA_APPELLO, CODICE_INSEGNAMENTO, DATA_INIZIO, DATA_FINE, MAX_STUDENTI, TIPO) VALUES 
(TO_DATE('2019','YYYY'), TO_DATE('15/07/2020','DD/MM/YYYY'), 'BIOC', TO_DATE('01/07/2020','DD/MM/YYYY'),TO_DATE('14/07/2020','DD/MM/YYYY'), 20,'ORALE');


-- presiede appello
INSERT INTO PRESIEDE_APPELLO(ANNO_ACCADEMICO, DATA_APPELLO, CODICE_INSEGNAMENTO, TESSERINO_DOCENTE, PRESIDENTE) VALUES 
(TO_DATE('2019','YYYY'), TO_DATE('30/06/2020','DD/MM/YYYY'), 'SNN', '111111', 'Y');

INSERT INTO PRESIEDE_APPELLO(ANNO_ACCADEMICO, DATA_APPELLO, CODICE_INSEGNAMENTO, TESSERINO_DOCENTE, PRESIDENTE) VALUES 
(TO_DATE('2019','YYYY'), TO_DATE('15/06/2020','DD/MM/YYYY'), 'ASD', '111112', 'Y');

INSERT INTO PRESIEDE_APPELLO(ANNO_ACCADEMICO, DATA_APPELLO, CODICE_INSEGNAMENTO, TESSERINO_DOCENTE, PRESIDENTE) VALUES 
(TO_DATE('2019','YYYY'), TO_DATE('23/07/2020','DD/MM/YYYY'), 'BD', '111113', 'Y');

INSERT INTO PRESIEDE_APPELLO(ANNO_ACCADEMICO, DATA_APPELLO, CODICE_INSEGNAMENTO, TESSERINO_DOCENTE, PRESIDENTE) VALUES 
(TO_DATE('2019','YYYY'), TO_DATE('17/06/2020','DD/MM/YYYY'), 'BIOC', '111114', 'Y');

INSERT INTO PRESIEDE_APPELLO(ANNO_ACCADEMICO, DATA_APPELLO, CODICE_INSEGNAMENTO, TESSERINO_DOCENTE, PRESIDENTE) VALUES 
(TO_DATE('2019','YYYY'), TO_DATE('30/06/2020','DD/MM/YYYY'), 'ASD', '111113', 'N');

INSERT INTO PRESIEDE_APPELLO(ANNO_ACCADEMICO, DATA_APPELLO, CODICE_INSEGNAMENTO, TESSERINO_DOCENTE, PRESIDENTE) VALUES 
(TO_DATE('2019','YYYY'), TO_DATE('17/06/2020','DD/MM/YYYY'), 'BIOC', '111115', 'N');

INSERT INTO PRESIEDE_APPELLO(ANNO_ACCADEMICO, DATA_APPELLO, CODICE_INSEGNAMENTO, TESSERINO_DOCENTE, PRESIDENTE) VALUES 
(TO_DATE('2019','YYYY'), TO_DATE('15/06/2020','DD/MM/YYYY'), 'CHIMG', '111115', 'Y');

INSERT INTO PRESIEDE_APPELLO(ANNO_ACCADEMICO, DATA_APPELLO, CODICE_INSEGNAMENTO, TESSERINO_DOCENTE, PRESIDENTE) VALUES 
(TO_DATE('2019','YYYY'), TO_DATE('15/06/2020','DD/MM/YYYY'), 'CHIMG', '111116', 'N');

INSERT INTO PRESIEDE_APPELLO(ANNO_ACCADEMICO, DATA_APPELLO, CODICE_INSEGNAMENTO, TESSERINO_DOCENTE, PRESIDENTE) VALUES 
(TO_DATE('2019','YYYY'), TO_DATE('23/06/2020','DD/MM/YYYY'), 'OCEA', '111117', 'N');

INSERT INTO PRESIEDE_APPELLO(ANNO_ACCADEMICO, DATA_APPELLO, CODICE_INSEGNAMENTO, TESSERINO_DOCENTE, PRESIDENTE) VALUES 
(TO_DATE('2019','YYYY'), TO_DATE('28/07/2020','DD/MM/YYYY'), 'METEO', '111118', 'Y');

INSERT INTO PRESIEDE_APPELLO(ANNO_ACCADEMICO, DATA_APPELLO, CODICE_INSEGNAMENTO, TESSERINO_DOCENTE, PRESIDENTE) VALUES 
(TO_DATE('2019','YYYY'), TO_DATE('29/07/2020','DD/MM/YYYY'), 'METEO', '111118', 'Y');

INSERT INTO PRESIEDE_APPELLO(ANNO_ACCADEMICO, DATA_APPELLO, CODICE_INSEGNAMENTO, TESSERINO_DOCENTE, PRESIDENTE) VALUES 
(TO_DATE('2019','YYYY'), TO_DATE('22/07/2020','DD/MM/YYYY'), 'MACL', '111112', 'Y');

INSERT INTO PRESIEDE_APPELLO(ANNO_ACCADEMICO, DATA_APPELLO, CODICE_INSEGNAMENTO, TESSERINO_DOCENTE, PRESIDENTE) VALUES 
(TO_DATE('2019','YYYY'), TO_DATE('29/06/2020','DD/MM/YYYY'), 'COMG', '111119', 'Y');

INSERT INTO PRESIEDE_APPELLO(ANNO_ACCADEMICO, DATA_APPELLO, CODICE_INSEGNAMENTO, TESSERINO_DOCENTE, PRESIDENTE) VALUES 
(TO_DATE('2019','YYYY'), TO_DATE('22/06/2020','DD/MM/YYYY'), 'BIODIV', '111121', 'Y');

INSERT INTO PRESIEDE_APPELLO(ANNO_ACCADEMICO, DATA_APPELLO, CODICE_INSEGNAMENTO, TESSERINO_DOCENTE, PRESIDENTE) VALUES 
(TO_DATE('2019','YYYY'), TO_DATE('24/06/2020','DD/MM/YYYY'), 'METEOA', '111118', 'Y');

INSERT INTO PRESIEDE_APPELLO(ANNO_ACCADEMICO, DATA_APPELLO, CODICE_INSEGNAMENTO, TESSERINO_DOCENTE, PRESIDENTE) VALUES 
(TO_DATE('2019','YYYY'), TO_DATE('29/07/2020','DD/MM/YYYY'), 'NAVSAT', '111122', 'Y');

INSERT INTO PRESIEDE_APPELLO(ANNO_ACCADEMICO, DATA_APPELLO, CODICE_INSEGNAMENTO, TESSERINO_DOCENTE, PRESIDENTE) VALUES 
(TO_DATE('2019','YYYY'), TO_DATE('22/06/2020','DD/MM/YYYY'), 'MICROB', '111120', 'Y');

INSERT INTO PRESIEDE_APPELLO(ANNO_ACCADEMICO, DATA_APPELLO, CODICE_INSEGNAMENTO, TESSERINO_DOCENTE, PRESIDENTE) VALUES 
(TO_DATE('2019','YYYY'), TO_DATE('04/07/2020','DD/MM/YYYY'), 'SCIES', '111123', 'Y');

INSERT INTO PRESIEDE_APPELLO(ANNO_ACCADEMICO, DATA_APPELLO, CODICE_INSEGNAMENTO, TESSERINO_DOCENTE, PRESIDENTE) VALUES 
(TO_DATE('2019','YYYY'), TO_DATE('01/07/2020','DD/MM/YYYY'), 'IMPE', '111124', 'Y');

INSERT INTO PRESIEDE_APPELLO(ANNO_ACCADEMICO, DATA_APPELLO, CODICE_INSEGNAMENTO, TESSERINO_DOCENTE, PRESIDENTE) VALUES 
(TO_DATE('2019','YYYY'), TO_DATE('27/06/2020','DD/MM/YYYY'), 'MACC', '111125', 'Y');

INSERT INTO PRESIEDE_APPELLO(ANNO_ACCADEMICO, DATA_APPELLO, CODICE_INSEGNAMENTO, TESSERINO_DOCENTE, PRESIDENTE) VALUES 
(TO_DATE('2019','YYYY'), TO_DATE('30/06/2020','DD/MM/YYYY'), 'IDRA', '111125', 'Y');

INSERT INTO PRESIEDE_APPELLO(ANNO_ACCADEMICO, DATA_APPELLO, CODICE_INSEGNAMENTO, TESSERINO_DOCENTE, PRESIDENTE) VALUES 
(TO_DATE('2019','YYYY'), TO_DATE('11/07/2020','DD/MM/YYYY'), 'CIDRA', '111126', 'Y');

INSERT INTO PRESIEDE_APPELLO(ANNO_ACCADEMICO, DATA_APPELLO, CODICE_INSEGNAMENTO, TESSERINO_DOCENTE, PRESIDENTE) VALUES 
(TO_DATE('2019','YYYY'), TO_DATE('22/07/2020','DD/MM/YYYY'), 'PROGCE', '111119', 'Y');

INSERT INTO PRESIEDE_APPELLO(ANNO_ACCADEMICO, DATA_APPELLO, CODICE_INSEGNAMENTO, TESSERINO_DOCENTE, PRESIDENTE) VALUES 
(TO_DATE('2019','YYYY'), TO_DATE('17/06/2020','DD/MM/YYYY'), 'ELETT', '111127', 'Y');

INSERT INTO PRESIEDE_APPELLO(ANNO_ACCADEMICO, DATA_APPELLO, CODICE_INSEGNAMENTO, TESSERINO_DOCENTE, PRESIDENTE) VALUES 
(TO_DATE('2019','YYYY'), TO_DATE('23/07/2020','DD/MM/YYYY'), 'OCEAC', '111117', 'Y');

INSERT INTO PRESIEDE_APPELLO(ANNO_ACCADEMICO, DATA_APPELLO, CODICE_INSEGNAMENTO, TESSERINO_DOCENTE, PRESIDENTE) VALUES 
(TO_DATE('2019','YYYY'), TO_DATE('19/06/2020','DD/MM/YYYY'), 'ENED', '111124', 'Y');

INSERT INTO PRESIEDE_APPELLO(ANNO_ACCADEMICO, DATA_APPELLO, CODICE_INSEGNAMENTO, TESSERINO_DOCENTE, PRESIDENTE) VALUES 
(TO_DATE('2019','YYYY'), TO_DATE('10/07/2020','DD/MM/YYYY'), 'RTI', '111128', 'Y');

INSERT INTO PRESIEDE_APPELLO(ANNO_ACCADEMICO, DATA_APPELLO, CODICE_INSEGNAMENTO, TESSERINO_DOCENTE, PRESIDENTE) VALUES 
(TO_DATE('2019','YYYY'), TO_DATE('14/06/2020','DD/MM/YYYY'), 'TI', '111128', 'Y');

INSERT INTO PRESIEDE_APPELLO(ANNO_ACCADEMICO, DATA_APPELLO, CODICE_INSEGNAMENTO, TESSERINO_DOCENTE, PRESIDENTE) VALUES 
(TO_DATE('2019','YYYY'), TO_DATE('25/06/2020','DD/MM/YYYY'), 'GSE', '111124', 'Y');

INSERT INTO PRESIEDE_APPELLO(ANNO_ACCADEMICO, DATA_APPELLO, CODICE_INSEGNAMENTO, TESSERINO_DOCENTE, PRESIDENTE) VALUES 
(TO_DATE('2019','YYYY'), TO_DATE('18/07/2020','DD/MM/YYYY'), 'AI', '111127', 'Y');

INSERT INTO PRESIEDE_APPELLO(ANNO_ACCADEMICO, DATA_APPELLO, CODICE_INSEGNAMENTO, TESSERINO_DOCENTE, PRESIDENTE) VALUES 
(TO_DATE('2019','YYYY'), TO_DATE('30/06/2020','DD/MM/YYYY'), 'END', '111129', 'Y');

INSERT INTO PRESIEDE_APPELLO(ANNO_ACCADEMICO, DATA_APPELLO, CODICE_INSEGNAMENTO, TESSERINO_DOCENTE, PRESIDENTE) VALUES 
(TO_DATE('2019','YYYY'), TO_DATE('30/07/2020','DD/MM/YYYY'), 'NEU', '111121', 'Y');

INSERT INTO PRESIEDE_APPELLO(ANNO_ACCADEMICO, DATA_APPELLO, CODICE_INSEGNAMENTO, TESSERINO_DOCENTE, PRESIDENTE) VALUES 
(TO_DATE('2019','YYYY'), TO_DATE('28/06/2020','DD/MM/YYYY'), 'AEA', '111129', 'Y');

INSERT INTO PRESIEDE_APPELLO(ANNO_ACCADEMICO, DATA_APPELLO, CODICE_INSEGNAMENTO, TESSERINO_DOCENTE, PRESIDENTE) VALUES 
(TO_DATE('2019','YYYY'), TO_DATE('28/07/2020','DD/MM/YYYY'), 'BPAS', '111130', 'Y');

INSERT INTO PRESIEDE_APPELLO(ANNO_ACCADEMICO, DATA_APPELLO, CODICE_INSEGNAMENTO, TESSERINO_DOCENTE, PRESIDENTE) VALUES 
(TO_DATE('2019','YYYY'), TO_DATE('30/06/2020','DD/MM/YYYY'), 'FISGE', '111130', 'Y');

INSERT INTO PRESIEDE_APPELLO(ANNO_ACCADEMICO, DATA_APPELLO, CODICE_INSEGNAMENTO, TESSERINO_DOCENTE, PRESIDENTE) VALUES 
(TO_DATE('2019','YYYY'), TO_DATE('15/07/2020','DD/MM/YYYY'), 'MMSD', '111120', 'Y');

INSERT INTO PRESIEDE_APPELLO(ANNO_ACCADEMICO, DATA_APPELLO, CODICE_INSEGNAMENTO, TESSERINO_DOCENTE, PRESIDENTE) VALUES 
(TO_DATE('2019','YYYY'), TO_DATE('15/07/2020','DD/MM/YYYY'), 'BIOC', '111115', 'Y');


-- prenotazione appello
INSERT INTO PRENOTAZIONE_APPELLO(ANNO_ACCADEMICO, DATA_APPELLO, CODICE_INSEGNAMENTO, MATRICOLA_STUDENTE, NUMERO_PRENOTAZIONE, DATA_PRENOTAZIONE) VALUES 
(TO_DATE('2019','YYYY'), TO_DATE('30/06/2020','DD/MM/YYYY'), 'SNN', '111165', '1111', TO_DATE('23/06/2020','DD/MM/YYYY'));

INSERT INTO PRENOTAZIONE_APPELLO(ANNO_ACCADEMICO, DATA_APPELLO, CODICE_INSEGNAMENTO, MATRICOLA_STUDENTE, NUMERO_PRENOTAZIONE, DATA_PRENOTAZIONE) VALUES 
(TO_DATE('2019','YYYY'), TO_DATE('15/06/2020','DD/MM/YYYY'), 'ASD', '111150', '1111', TO_DATE('11/06/2020','DD/MM/YYYY'));

INSERT INTO PRENOTAZIONE_APPELLO(ANNO_ACCADEMICO, DATA_APPELLO, CODICE_INSEGNAMENTO, MATRICOLA_STUDENTE, NUMERO_PRENOTAZIONE, DATA_PRENOTAZIONE) VALUES 
(TO_DATE('2019','YYYY'), TO_DATE('23/07/2020','DD/MM/YYYY'), 'BD', '111150', '1111', TO_DATE('11/06/2020','DD/MM/YYYY'));

INSERT INTO PRENOTAZIONE_APPELLO(ANNO_ACCADEMICO, DATA_APPELLO, CODICE_INSEGNAMENTO, MATRICOLA_STUDENTE, NUMERO_PRENOTAZIONE, DATA_PRENOTAZIONE) VALUES 
(TO_DATE('2019','YYYY'), TO_DATE('17/06/2020','DD/MM/YYYY'), 'BIOC', '111166', '1111', TO_DATE('09/06/2020','DD/MM/YYYY'));

INSERT INTO PRENOTAZIONE_APPELLO(ANNO_ACCADEMICO, DATA_APPELLO, CODICE_INSEGNAMENTO, MATRICOLA_STUDENTE, NUMERO_PRENOTAZIONE, DATA_PRENOTAZIONE) VALUES 
(TO_DATE('2019','YYYY'), TO_DATE('15/06/2020','DD/MM/YYYY'), 'CHIMG', '111166', '1111', TO_DATE('09/06/2020','DD/MM/YYYY'));

INSERT INTO PRENOTAZIONE_APPELLO(ANNO_ACCADEMICO, DATA_APPELLO, CODICE_INSEGNAMENTO, MATRICOLA_STUDENTE, NUMERO_PRENOTAZIONE, DATA_PRENOTAZIONE) VALUES 
(TO_DATE('2019','YYYY'), TO_DATE('23/06/2020','DD/MM/YYYY'), 'OCEA', '111156', '1111', TO_DATE('17/06/2020','DD/MM/YYYY'));

INSERT INTO PRENOTAZIONE_APPELLO(ANNO_ACCADEMICO, DATA_APPELLO, CODICE_INSEGNAMENTO, MATRICOLA_STUDENTE, NUMERO_PRENOTAZIONE, DATA_PRENOTAZIONE) VALUES 
(TO_DATE('2019','YYYY'), TO_DATE('28/07/2020','DD/MM/YYYY'), 'METEO', '111156', '1111', TO_DATE('20/07/2020','DD/MM/YYYY'));

INSERT INTO PRENOTAZIONE_APPELLO(ANNO_ACCADEMICO, DATA_APPELLO, CODICE_INSEGNAMENTO, MATRICOLA_STUDENTE, NUMERO_PRENOTAZIONE, DATA_PRENOTAZIONE) VALUES 
(TO_DATE('2019','YYYY'), TO_DATE('22/07/2020','DD/MM/YYYY'), 'MACL', '111159', '1111', TO_DATE('15/07/2020','DD/MM/YYYY'));

INSERT INTO PRENOTAZIONE_APPELLO(ANNO_ACCADEMICO, DATA_APPELLO, CODICE_INSEGNAMENTO, MATRICOLA_STUDENTE, NUMERO_PRENOTAZIONE, DATA_PRENOTAZIONE) VALUES 
(TO_DATE('2019','YYYY'), TO_DATE('29/06/2020','DD/MM/YYYY'), 'COMG', '111159', '1111', TO_DATE('20/06/2020','DD/MM/YYYY'));

INSERT INTO PRENOTAZIONE_APPELLO(ANNO_ACCADEMICO, DATA_APPELLO, CODICE_INSEGNAMENTO, MATRICOLA_STUDENTE, NUMERO_PRENOTAZIONE, DATA_PRENOTAZIONE) VALUES 
(TO_DATE('2019','YYYY'), TO_DATE('22/06/2020','DD/MM/YYYY'), 'BIODIV', '111157', '1111', TO_DATE('14/06/2020','DD/MM/YYYY'));

INSERT INTO PRENOTAZIONE_APPELLO(ANNO_ACCADEMICO, DATA_APPELLO, CODICE_INSEGNAMENTO, MATRICOLA_STUDENTE, NUMERO_PRENOTAZIONE, DATA_PRENOTAZIONE) VALUES 
(TO_DATE('2019','YYYY'), TO_DATE('24/06/2020','DD/MM/YYYY'), 'METEOA', '111167', '1111', TO_DATE('16/06/2020','DD/MM/YYYY'));

INSERT INTO PRENOTAZIONE_APPELLO(ANNO_ACCADEMICO, DATA_APPELLO, CODICE_INSEGNAMENTO, MATRICOLA_STUDENTE, NUMERO_PRENOTAZIONE, DATA_PRENOTAZIONE) VALUES 
(TO_DATE('2019','YYYY'), TO_DATE('29/07/2020','DD/MM/YYYY'), 'NAVSAT', '111167', '1111', TO_DATE('21/07/2020','DD/MM/YYYY'));

INSERT INTO PRENOTAZIONE_APPELLO(ANNO_ACCADEMICO, DATA_APPELLO, CODICE_INSEGNAMENTO, MATRICOLA_STUDENTE, NUMERO_PRENOTAZIONE, DATA_PRENOTAZIONE) VALUES 
(TO_DATE('2019','YYYY'), TO_DATE('01/07/2020','DD/MM/YYYY'), 'IMPE', '111152', '1111', TO_DATE('26/06/2020','DD/MM/YYYY'));

INSERT INTO PRENOTAZIONE_APPELLO(ANNO_ACCADEMICO, DATA_APPELLO, CODICE_INSEGNAMENTO, MATRICOLA_STUDENTE, NUMERO_PRENOTAZIONE, DATA_PRENOTAZIONE) VALUES 
(TO_DATE('2019','YYYY'), TO_DATE('27/06/2020','DD/MM/YYYY'), 'MACC', '111152', '1111', TO_DATE('18/06/2020','DD/MM/YYYY'));

INSERT INTO PRENOTAZIONE_APPELLO(ANNO_ACCADEMICO, DATA_APPELLO, CODICE_INSEGNAMENTO, MATRICOLA_STUDENTE, NUMERO_PRENOTAZIONE, DATA_PRENOTAZIONE) VALUES 
(TO_DATE('2019','YYYY'), TO_DATE('30/06/2020','DD/MM/YYYY'), 'IDRA', '111151', '1111', TO_DATE('24/06/2020','DD/MM/YYYY'));

INSERT INTO PRENOTAZIONE_APPELLO(ANNO_ACCADEMICO, DATA_APPELLO, CODICE_INSEGNAMENTO, MATRICOLA_STUDENTE, NUMERO_PRENOTAZIONE, DATA_PRENOTAZIONE) VALUES 
(TO_DATE('2019','YYYY'), TO_DATE('11/07/2020','DD/MM/YYYY'), 'CIDRA', '111151', '1111', TO_DATE('24/06/2020','DD/MM/YYYY'));

INSERT INTO PRENOTAZIONE_APPELLO(ANNO_ACCADEMICO, DATA_APPELLO, CODICE_INSEGNAMENTO, MATRICOLA_STUDENTE, NUMERO_PRENOTAZIONE, DATA_PRENOTAZIONE) VALUES 
(TO_DATE('2019','YYYY'), TO_DATE('22/07/2020','DD/MM/YYYY'), 'PROGCE', '111162', '1111', TO_DATE('24/06/2020','DD/MM/YYYY'));

INSERT INTO PRENOTAZIONE_APPELLO(ANNO_ACCADEMICO, DATA_APPELLO, CODICE_INSEGNAMENTO, MATRICOLA_STUDENTE, NUMERO_PRENOTAZIONE, DATA_PRENOTAZIONE) VALUES 
(TO_DATE('2019','YYYY'), TO_DATE('17/06/2020','DD/MM/YYYY'), 'ELETT', '111162', '1111', TO_DATE('14/06/2020','DD/MM/YYYY'));

INSERT INTO PRENOTAZIONE_APPELLO(ANNO_ACCADEMICO, DATA_APPELLO, CODICE_INSEGNAMENTO, MATRICOLA_STUDENTE, NUMERO_PRENOTAZIONE, DATA_PRENOTAZIONE) VALUES 
(TO_DATE('2019','YYYY'), TO_DATE('10/07/2020','DD/MM/YYYY'), 'RTI', '111161', '1111', TO_DATE('24/06/2020','DD/MM/YYYY'));

INSERT INTO PRENOTAZIONE_APPELLO(ANNO_ACCADEMICO, DATA_APPELLO, CODICE_INSEGNAMENTO, MATRICOLA_STUDENTE, NUMERO_PRENOTAZIONE, DATA_PRENOTAZIONE) VALUES 
(TO_DATE('2019','YYYY'), TO_DATE('14/06/2020','DD/MM/YYYY'), 'TI', '111161', '1111', TO_DATE('04/06/2020','DD/MM/YYYY'));

INSERT INTO PRENOTAZIONE_APPELLO(ANNO_ACCADEMICO, DATA_APPELLO, CODICE_INSEGNAMENTO, MATRICOLA_STUDENTE, NUMERO_PRENOTAZIONE, DATA_PRENOTAZIONE) VALUES 
(TO_DATE('2019','YYYY'), TO_DATE('23/07/2020','DD/MM/YYYY'), 'OCEAC', '111160', '1111', TO_DATE('24/06/2020','DD/MM/YYYY'));

INSERT INTO PRENOTAZIONE_APPELLO(ANNO_ACCADEMICO, DATA_APPELLO, CODICE_INSEGNAMENTO, MATRICOLA_STUDENTE, NUMERO_PRENOTAZIONE, DATA_PRENOTAZIONE) VALUES 
(TO_DATE('2019','YYYY'), TO_DATE('19/06/2020','DD/MM/YYYY'), 'ENED', '111160', '1111', TO_DATE('10/06/2020','DD/MM/YYYY'));

INSERT INTO PRENOTAZIONE_APPELLO(ANNO_ACCADEMICO, DATA_APPELLO, CODICE_INSEGNAMENTO, MATRICOLA_STUDENTE, NUMERO_PRENOTAZIONE, DATA_PRENOTAZIONE) VALUES 
(TO_DATE('2019','YYYY'), TO_DATE('28/06/2020','DD/MM/YYYY'), 'AEA', '111172', '1111', TO_DATE('24/06/2020','DD/MM/YYYY'));

INSERT INTO PRENOTAZIONE_APPELLO(ANNO_ACCADEMICO, DATA_APPELLO, CODICE_INSEGNAMENTO, MATRICOLA_STUDENTE, NUMERO_PRENOTAZIONE, DATA_PRENOTAZIONE) VALUES 
(TO_DATE('2019','YYYY'), TO_DATE('28/07/2020','DD/MM/YYYY'), 'BPAS', '111172', '1111', TO_DATE('24/06/2020','DD/MM/YYYY'));

INSERT INTO PRENOTAZIONE_APPELLO(ANNO_ACCADEMICO, DATA_APPELLO, CODICE_INSEGNAMENTO, MATRICOLA_STUDENTE, NUMERO_PRENOTAZIONE, DATA_PRENOTAZIONE) VALUES 
(TO_DATE('2019','YYYY'), TO_DATE('30/06/2020','DD/MM/YYYY'), 'FISGE', '111163', '1111', TO_DATE('24/06/2020','DD/MM/YYYY'));

INSERT INTO PRENOTAZIONE_APPELLO(ANNO_ACCADEMICO, DATA_APPELLO, CODICE_INSEGNAMENTO, MATRICOLA_STUDENTE, NUMERO_PRENOTAZIONE, DATA_PRENOTAZIONE) VALUES 
(TO_DATE('2019','YYYY'), TO_DATE('15/07/2020','DD/MM/YYYY'), 'MMSD', '111163', '1111', TO_DATE('24/06/2020','DD/MM/YYYY'));

INSERT INTO PRENOTAZIONE_APPELLO(ANNO_ACCADEMICO, DATA_APPELLO, CODICE_INSEGNAMENTO, MATRICOLA_STUDENTE, NUMERO_PRENOTAZIONE, DATA_PRENOTAZIONE) VALUES 
(TO_DATE('2019','YYYY'), TO_DATE('29/07/2020','DD/MM/YYYY'), 'METEO', '111165', '1111', TO_DATE('24/06/2020','DD/MM/YYYY'));

INSERT INTO PRENOTAZIONE_APPELLO(ANNO_ACCADEMICO, DATA_APPELLO, CODICE_INSEGNAMENTO, MATRICOLA_STUDENTE, NUMERO_PRENOTAZIONE, DATA_PRENOTAZIONE) VALUES 
(TO_DATE('2019','YYYY'), TO_DATE('25/06/2020','DD/MM/YYYY'), 'GSE', '111151', '1111', TO_DATE('24/06/2020','DD/MM/YYYY'));

INSERT INTO PRENOTAZIONE_APPELLO(ANNO_ACCADEMICO, DATA_APPELLO, CODICE_INSEGNAMENTO, MATRICOLA_STUDENTE, NUMERO_PRENOTAZIONE, DATA_PRENOTAZIONE) VALUES 
(TO_DATE('2019','YYYY'), TO_DATE('18/07/2020','DD/MM/YYYY'), 'AI', '111151', '1111', TO_DATE('24/06/2020','DD/MM/YYYY'));

INSERT INTO PRENOTAZIONE_APPELLO(ANNO_ACCADEMICO, DATA_APPELLO, CODICE_INSEGNAMENTO, MATRICOLA_STUDENTE, NUMERO_PRENOTAZIONE, DATA_PRENOTAZIONE) VALUES 
(TO_DATE('2019','YYYY'), TO_DATE('30/06/2020','DD/MM/YYYY'), 'ASD', '111153', '1111', TO_DATE('24/06/2020','DD/MM/YYYY'));

INSERT INTO PRENOTAZIONE_APPELLO(ANNO_ACCADEMICO, DATA_APPELLO, CODICE_INSEGNAMENTO, MATRICOLA_STUDENTE, NUMERO_PRENOTAZIONE, DATA_PRENOTAZIONE) VALUES 
(TO_DATE('2019','YYYY'), TO_DATE('15/07/2020','DD/MM/YYYY'), 'BIOC', '111153', '1111', TO_DATE('24/06/2020','DD/MM/YYYY'));

INSERT INTO PRENOTAZIONE_APPELLO(ANNO_ACCADEMICO, DATA_APPELLO, CODICE_INSEGNAMENTO, MATRICOLA_STUDENTE, NUMERO_PRENOTAZIONE, DATA_PRENOTAZIONE) VALUES 
(TO_DATE('2019','YYYY'), TO_DATE('30/06/2020','DD/MM/YYYY'), 'END', '111155', '1111', TO_DATE('24/06/2020','DD/MM/YYYY'));

INSERT INTO PRENOTAZIONE_APPELLO(ANNO_ACCADEMICO, DATA_APPELLO, CODICE_INSEGNAMENTO, MATRICOLA_STUDENTE, NUMERO_PRENOTAZIONE, DATA_PRENOTAZIONE) VALUES 
(TO_DATE('2019','YYYY'), TO_DATE('30/07/2020','DD/MM/YYYY'), 'NEU', '111155', '1111', TO_DATE('24/06/2020','DD/MM/YYYY'));


-- esame superato
INSERT INTO ESAME_SUPERATO(NUMERO_VERBALE, VOTO, LODE, DATA_ESAME, ANNO_ACCADEMICO, CODICE_INSEGNAMENTO, MATRICOLA_STUDENTE) VALUES 
('000000000311111', 27, 'N', TO_DATE('30/06/2020','DD/MM/YYYY'), TO_DATE('2019','YYYY'), 'SNN', '111165');

INSERT INTO ESAME_SUPERATO(NUMERO_VERBALE, VOTO, LODE, DATA_ESAME, ANNO_ACCADEMICO, CODICE_INSEGNAMENTO, MATRICOLA_STUDENTE) VALUES 
('000000000311112', 23, 'N', TO_DATE('15/06/2020','DD/MM/YYYY'),TO_DATE('2019','YYYY'), 'ASD', '111150');

INSERT INTO ESAME_SUPERATO(NUMERO_VERBALE, VOTO, LODE, DATA_ESAME, ANNO_ACCADEMICO, CODICE_INSEGNAMENTO, MATRICOLA_STUDENTE) VALUES 
('000000000311113', 25, 'N', TO_DATE('23/07/2020','DD/MM/YYYY'), TO_DATE('2019','YYYY'), 'BD', '111150');

INSERT INTO ESAME_SUPERATO(NUMERO_VERBALE, VOTO, LODE, DATA_ESAME, ANNO_ACCADEMICO, CODICE_INSEGNAMENTO, MATRICOLA_STUDENTE) VALUES 
('000000000311114', 28, 'N',TO_DATE('17/06/2020','DD/MM/YYYY'), TO_DATE('2019','YYYY'), 'BIOC', '111166');

INSERT INTO ESAME_SUPERATO(NUMERO_VERBALE, VOTO, LODE, DATA_ESAME, ANNO_ACCADEMICO, CODICE_INSEGNAMENTO, MATRICOLA_STUDENTE) VALUES 
('000000000311116', 30, 'N',TO_DATE('15/06/2020','DD/MM/YYYY'), TO_DATE('2019','YYYY'), 'CHIMG', '111166');

INSERT INTO ESAME_SUPERATO(NUMERO_VERBALE, VOTO, LODE, DATA_ESAME, ANNO_ACCADEMICO, CODICE_INSEGNAMENTO, MATRICOLA_STUDENTE) VALUES 
('000000000311117', 27, 'N',TO_DATE('23/06/2020','DD/MM/YYYY'), TO_DATE('2019','YYYY'), 'OCEA', '111156');

INSERT INTO ESAME_SUPERATO(NUMERO_VERBALE, VOTO, LODE, DATA_ESAME, ANNO_ACCADEMICO, CODICE_INSEGNAMENTO, MATRICOLA_STUDENTE) VALUES 
('000000000311118', 26, 'N', TO_DATE('28/07/2020','DD/MM/YYYY'), TO_DATE('2019','YYYY'), 'METEO', '111156');

INSERT INTO ESAME_SUPERATO(NUMERO_VERBALE, VOTO, LODE, DATA_ESAME, ANNO_ACCADEMICO, CODICE_INSEGNAMENTO, MATRICOLA_STUDENTE) VALUES 
('000000000311119', 30, 'Y', TO_DATE('22/07/2020','DD/MM/YYYY'), TO_DATE('2019','YYYY'), 'MACL', '111159');

INSERT INTO ESAME_SUPERATO(NUMERO_VERBALE, VOTO, LODE, DATA_ESAME, ANNO_ACCADEMICO, CODICE_INSEGNAMENTO, MATRICOLA_STUDENTE) VALUES 
('000000000311120', 30, 'Y', TO_DATE('29/06/2020','DD/MM/YYYY'),TO_DATE('2019','YYYY'), 'COMG', '111159');

INSERT INTO ESAME_SUPERATO(NUMERO_VERBALE, VOTO, LODE, DATA_ESAME, ANNO_ACCADEMICO, CODICE_INSEGNAMENTO, MATRICOLA_STUDENTE) VALUES 
('000000000311121', 27, 'N', TO_DATE('22/06/2020','DD/MM/YYYY'), TO_DATE('2019','YYYY'), 'BIODIV', '111157');

INSERT INTO ESAME_SUPERATO(NUMERO_VERBALE, VOTO, LODE, DATA_ESAME, ANNO_ACCADEMICO, CODICE_INSEGNAMENTO, MATRICOLA_STUDENTE) VALUES 
('000000000311122', 22, 'N', TO_DATE('24/06/2020','DD/MM/YYYY'),TO_DATE('2019','YYYY'), 'METEOA', '111167');

INSERT INTO ESAME_SUPERATO(NUMERO_VERBALE, VOTO, LODE, DATA_ESAME, ANNO_ACCADEMICO, CODICE_INSEGNAMENTO, MATRICOLA_STUDENTE) VALUES 
('000000000311123', 21, 'N',TO_DATE('29/07/2020','DD/MM/YYYY'),TO_DATE('2019','YYYY'), 'NAVSAT', '111167');

INSERT INTO ESAME_SUPERATO(NUMERO_VERBALE, VOTO, LODE, DATA_ESAME, ANNO_ACCADEMICO, CODICE_INSEGNAMENTO, MATRICOLA_STUDENTE) VALUES 
('000000000311124', 26, 'N',TO_DATE('01/07/2020','DD/MM/YYYY'),TO_DATE('2019','YYYY'), 'IMPE', '111152');

INSERT INTO ESAME_SUPERATO(NUMERO_VERBALE, VOTO, LODE, DATA_ESAME, ANNO_ACCADEMICO, CODICE_INSEGNAMENTO, MATRICOLA_STUDENTE) VALUES 
('000000000311125', 28, 'N',TO_DATE('27/06/2020','DD/MM/YYYY'), TO_DATE('2019','YYYY'), 'MACC', '111152');

INSERT INTO ESAME_SUPERATO(NUMERO_VERBALE, VOTO, LODE, DATA_ESAME, ANNO_ACCADEMICO, CODICE_INSEGNAMENTO, MATRICOLA_STUDENTE) VALUES 
('000000000311126', 28, 'N',TO_DATE('30/06/2020','DD/MM/YYYY'), TO_DATE('2019','YYYY'), 'IDRA', '111151');

INSERT INTO ESAME_SUPERATO(NUMERO_VERBALE, VOTO, LODE, DATA_ESAME, ANNO_ACCADEMICO, CODICE_INSEGNAMENTO, MATRICOLA_STUDENTE) VALUES 
('000000000311127', 28, 'N',TO_DATE('11/07/2020','DD/MM/YYYY'), TO_DATE('2019','YYYY'), 'CIDRA', '111151');

INSERT INTO ESAME_SUPERATO(NUMERO_VERBALE, VOTO, LODE, DATA_ESAME, ANNO_ACCADEMICO, CODICE_INSEGNAMENTO, MATRICOLA_STUDENTE) VALUES 
('000000000311128', 22, 'N',TO_DATE('22/07/2020','DD/MM/YYYY'), TO_DATE('2019','YYYY'), 'PROGCE', '111162');

INSERT INTO ESAME_SUPERATO(NUMERO_VERBALE, VOTO, LODE, DATA_ESAME, ANNO_ACCADEMICO, CODICE_INSEGNAMENTO, MATRICOLA_STUDENTE) VALUES 
('000000000311129', 26, 'N',TO_DATE('17/06/2020','DD/MM/YYYY'), TO_DATE('2019','YYYY'), 'ELETT', '111162');

INSERT INTO ESAME_SUPERATO(NUMERO_VERBALE, VOTO, LODE, DATA_ESAME, ANNO_ACCADEMICO, CODICE_INSEGNAMENTO, MATRICOLA_STUDENTE) VALUES 
('000000000311130', 25, 'N',TO_DATE('10/07/2020','DD/MM/YYYY'), TO_DATE('2019','YYYY'), 'RTI', '111161');

INSERT INTO ESAME_SUPERATO(NUMERO_VERBALE, VOTO, LODE, DATA_ESAME, ANNO_ACCADEMICO, CODICE_INSEGNAMENTO, MATRICOLA_STUDENTE) VALUES 
('000000000311131', 27, 'N',TO_DATE('14/06/2020','DD/MM/YYYY'), TO_DATE('2019','YYYY'), 'TI', '111161');

INSERT INTO ESAME_SUPERATO(NUMERO_VERBALE, VOTO, LODE, DATA_ESAME, ANNO_ACCADEMICO, CODICE_INSEGNAMENTO, MATRICOLA_STUDENTE) VALUES 
('000000000311132', 29, 'N',TO_DATE('23/07/2020','DD/MM/YYYY'), TO_DATE('2019','YYYY'), 'OCEAC', '111160');

INSERT INTO ESAME_SUPERATO(NUMERO_VERBALE, VOTO, LODE, DATA_ESAME, ANNO_ACCADEMICO, CODICE_INSEGNAMENTO, MATRICOLA_STUDENTE) VALUES 
('000000000311133', 30, 'N',TO_DATE('19/06/2020','DD/MM/YYYY'), TO_DATE('2019','YYYY'), 'ENED', '111160');

INSERT INTO ESAME_SUPERATO(NUMERO_VERBALE, VOTO, LODE, DATA_ESAME, ANNO_ACCADEMICO, CODICE_INSEGNAMENTO, MATRICOLA_STUDENTE) VALUES 
('000000000311134', 30, 'N',TO_DATE('28/06/2020','DD/MM/YYYY'), TO_DATE('2019','YYYY'), 'AEA', '111172');

INSERT INTO ESAME_SUPERATO(NUMERO_VERBALE, VOTO, LODE, DATA_ESAME, ANNO_ACCADEMICO, CODICE_INSEGNAMENTO, MATRICOLA_STUDENTE) VALUES 
('000000000311135', 26, 'N',TO_DATE('28/07/2020','DD/MM/YYYY'), TO_DATE('2019','YYYY'), 'BPAS', '111172');

INSERT INTO ESAME_SUPERATO(NUMERO_VERBALE, VOTO, LODE, DATA_ESAME, ANNO_ACCADEMICO, CODICE_INSEGNAMENTO, MATRICOLA_STUDENTE) VALUES 
('000000000311136', 27, 'N', TO_DATE('29/07/2020','DD/MM/YYYY'), TO_DATE('2019','YYYY'), 'METEO', '111165');

INSERT INTO ESAME_SUPERATO(NUMERO_VERBALE, VOTO, LODE, DATA_ESAME, ANNO_ACCADEMICO, CODICE_INSEGNAMENTO, MATRICOLA_STUDENTE) VALUES 
('000000000311137', 30, 'N',TO_DATE('25/06/2020','DD/MM/YYYY'), TO_DATE('2019','YYYY'), 'GSE', '111151');

INSERT INTO ESAME_SUPERATO(NUMERO_VERBALE, VOTO, LODE, DATA_ESAME, ANNO_ACCADEMICO, CODICE_INSEGNAMENTO, MATRICOLA_STUDENTE) VALUES 
('000000000311138', 26, 'N',TO_DATE('18/07/2020','DD/MM/YYYY'), TO_DATE('2019','YYYY'), 'AI', '111151');

INSERT INTO ESAME_SUPERATO(NUMERO_VERBALE, VOTO, LODE, DATA_ESAME, ANNO_ACCADEMICO, CODICE_INSEGNAMENTO, MATRICOLA_STUDENTE) VALUES 
('000000000311139', 26, 'N',TO_DATE('30/06/2020','DD/MM/YYYY'), TO_DATE('2019','YYYY'), 'ASD', '111153');

INSERT INTO ESAME_SUPERATO(NUMERO_VERBALE, VOTO, LODE, DATA_ESAME, ANNO_ACCADEMICO, CODICE_INSEGNAMENTO, MATRICOLA_STUDENTE) VALUES 
('000000000311140', 28, 'N',TO_DATE('15/07/2020','DD/MM/YYYY'), TO_DATE('2019','YYYY'), 'BIOC', '111153');

INSERT INTO ESAME_SUPERATO(NUMERO_VERBALE, VOTO, LODE, DATA_ESAME, ANNO_ACCADEMICO, CODICE_INSEGNAMENTO, MATRICOLA_STUDENTE) VALUES 
('000000000311141', 29, 'N',TO_DATE('30/06/2020','DD/MM/YYYY'), TO_DATE('2019','YYYY'), 'END', '111155');

INSERT INTO ESAME_SUPERATO(NUMERO_VERBALE, VOTO, LODE, DATA_ESAME, ANNO_ACCADEMICO, CODICE_INSEGNAMENTO, MATRICOLA_STUDENTE) VALUES 
('000000000311142', 29, 'N',TO_DATE('30/07/2020','DD/MM/YYYY'), TO_DATE('2019','YYYY'), 'NEU', '111155');

INSERT INTO ESAME_SUPERATO(NUMERO_VERBALE, VOTO, LODE, DATA_ESAME, ANNO_ACCADEMICO, CODICE_INSEGNAMENTO, MATRICOLA_STUDENTE) VALUES 
('000000000311143', 30, 'N',TO_DATE('30/06/2020','DD/MM/YYYY'), TO_DATE('2019','YYYY'), 'FISGE', '111163');

INSERT INTO ESAME_SUPERATO(NUMERO_VERBALE, VOTO, LODE, DATA_ESAME, ANNO_ACCADEMICO, CODICE_INSEGNAMENTO, MATRICOLA_STUDENTE) VALUES 
('000000000311144', 26, 'N',TO_DATE('15/07/2020','DD/MM/YYYY'), TO_DATE('2019','YYYY'), 'MMSD', '111163');


-- appello laurea
INSERT INTO APPELLO_LAUREA(DATA_APPELLO, CODICE_CORSO, INIZIO_ISCRIZIONI, FINE_ISCRIZIONI, TIPO, MAX_ISCRIZIONI) VALUES 
(TO_DATE('01/11/2020', 'DD/MM/YYYY'), '0124', TO_DATE('01/10/2020', 'DD/MM/YYYY'), TO_DATE('30/10/2020', 'DD/MM/YYYY'), 'PRESENZA', 5);

INSERT INTO APPELLO_LAUREA(DATA_APPELLO, CODICE_CORSO, INIZIO_ISCRIZIONI, FINE_ISCRIZIONI, TIPO, MAX_ISCRIZIONI) VALUES 
(TO_DATE('03/11/2020', 'DD/MM/YYYY'), '0332', TO_DATE('01/10/2020', 'DD/MM/YYYY'), TO_DATE('30/10/2020', 'DD/MM/YYYY'), 'PRESENZA', 5);

INSERT INTO APPELLO_LAUREA(DATA_APPELLO, CODICE_CORSO, INIZIO_ISCRIZIONI, FINE_ISCRIZIONI, TIPO, MAX_ISCRIZIONI) VALUES 
(TO_DATE('05/11/2020', 'DD/MM/YYYY'), '0328', TO_DATE('01/10/2020', 'DD/MM/YYYY'), TO_DATE('30/10/2020', 'DD/MM/YYYY'), 'PRESENZA', 5);

INSERT INTO APPELLO_LAUREA(DATA_APPELLO, CODICE_CORSO, INIZIO_ISCRIZIONI, FINE_ISCRIZIONI, TIPO, MAX_ISCRIZIONI) VALUES 
(TO_DATE('02/11/2020', 'DD/MM/YYYY'), '0327', TO_DATE('01/10/2020', 'DD/MM/YYYY'), TO_DATE('30/10/2020', 'DD/MM/YYYY'), 'PRESENZA', 5);

INSERT INTO APPELLO_LAUREA(DATA_APPELLO, CODICE_CORSO, INIZIO_ISCRIZIONI, FINE_ISCRIZIONI, TIPO, MAX_ISCRIZIONI) VALUES 
(TO_DATE('11/11/2020', 'DD/MM/YYYY'), '0123', TO_DATE('01/10/2020', 'DD/MM/YYYY'), TO_DATE('30/10/2020', 'DD/MM/YYYY'), 'PRESENZA', 5);

INSERT INTO APPELLO_LAUREA(DATA_APPELLO, CODICE_CORSO, INIZIO_ISCRIZIONI, FINE_ISCRIZIONI, TIPO, MAX_ISCRIZIONI) VALUES 
(TO_DATE('12/11/2020', 'DD/MM/YYYY'), '0512', TO_DATE('01/10/2020', 'DD/MM/YYYY'), TO_DATE('30/10/2020', 'DD/MM/YYYY'), 'PRESENZA', 5);

INSERT INTO APPELLO_LAUREA(DATA_APPELLO, CODICE_CORSO, INIZIO_ISCRIZIONI, FINE_ISCRIZIONI, TIPO, MAX_ISCRIZIONI) VALUES 
(TO_DATE('03/11/2020', 'DD/MM/YYYY'), '0122', TO_DATE('01/10/2020', 'DD/MM/YYYY'), TO_DATE('30/10/2020', 'DD/MM/YYYY'), 'PRESENZA', 5);

INSERT INTO APPELLO_LAUREA(DATA_APPELLO, CODICE_CORSO, INIZIO_ISCRIZIONI, FINE_ISCRIZIONI, TIPO, MAX_ISCRIZIONI) VALUES 
(TO_DATE('09/11/2020', 'DD/MM/YYYY'), '0120', TO_DATE('01/10/2020', 'DD/MM/YYYY'), TO_DATE('30/10/2020', 'DD/MM/YYYY'), 'PRESENZA', 5);

INSERT INTO APPELLO_LAUREA(DATA_APPELLO, CODICE_CORSO, INIZIO_ISCRIZIONI, FINE_ISCRIZIONI, TIPO, MAX_ISCRIZIONI) VALUES 
(TO_DATE('10/11/2020', 'DD/MM/YYYY'), '0331', TO_DATE('01/10/2020', 'DD/MM/YYYY'), TO_DATE('30/10/2020', 'DD/MM/YYYY'), 'PRESENZA', 5);

INSERT INTO APPELLO_LAUREA(DATA_APPELLO, CODICE_CORSO, INIZIO_ISCRIZIONI, FINE_ISCRIZIONI, TIPO, MAX_ISCRIZIONI) VALUES 
(TO_DATE('08/11/2020', 'DD/MM/YYYY'), '0330', TO_DATE('01/10/2020', 'DD/MM/YYYY'), TO_DATE('30/10/2020', 'DD/MM/YYYY'), 'PRESENZA', 5);

INSERT INTO APPELLO_LAUREA(DATA_APPELLO, CODICE_CORSO, INIZIO_ISCRIZIONI, FINE_ISCRIZIONI, TIPO, MAX_ISCRIZIONI) VALUES 
(TO_DATE('11/11/2020', 'DD/MM/YYYY'), '0326', TO_DATE('01/10/2020', 'DD/MM/YYYY'), TO_DATE('30/10/2020', 'DD/MM/YYYY'), 'PRESENZA', 5);

INSERT INTO APPELLO_LAUREA(DATA_APPELLO, CODICE_CORSO, INIZIO_ISCRIZIONI, FINE_ISCRIZIONI, TIPO, MAX_ISCRIZIONI) VALUES 
(TO_DATE('07/11/2020', 'DD/MM/YYYY'), '0515', TO_DATE('01/10/2020', 'DD/MM/YYYY'), TO_DATE('30/10/2020', 'DD/MM/YYYY'), 'PRESENZA', 5);

INSERT INTO APPELLO_LAUREA(DATA_APPELLO, CODICE_CORSO, INIZIO_ISCRIZIONI, FINE_ISCRIZIONI, TIPO, MAX_ISCRIZIONI) VALUES 
(TO_DATE('02/11/2020', 'DD/MM/YYYY'), '0121', TO_DATE('01/10/2020', 'DD/MM/YYYY'), TO_DATE('30/10/2020', 'DD/MM/YYYY'), 'PRESENZA', 5);

INSERT INTO APPELLO_LAUREA(DATA_APPELLO, CODICE_CORSO, INIZIO_ISCRIZIONI, FINE_ISCRIZIONI, TIPO, MAX_ISCRIZIONI) VALUES 
(TO_DATE('05/11/2020', 'DD/MM/YYYY'), '0514', TO_DATE('01/10/2020', 'DD/MM/YYYY'), TO_DATE('30/10/2020', 'DD/MM/YYYY'), 'PRESENZA', 5);

INSERT INTO APPELLO_LAUREA(DATA_APPELLO, CODICE_CORSO, INIZIO_ISCRIZIONI, FINE_ISCRIZIONI, TIPO, MAX_ISCRIZIONI) VALUES 
(TO_DATE('01/11/2020', 'DD/MM/YYYY'), '0125', TO_DATE('01/10/2020', 'DD/MM/YYYY'), TO_DATE('30/10/2020', 'DD/MM/YYYY'), 'PRESENZA', 5);


-- partecipa seduta
INSERT INTO PARTECIPA_SEDUTA(TESSERINO_DOCENTE, DATA_APPELLO, CODICE_CORSO, PRESIDENTE) VALUES 
('111112', TO_DATE('01/11/2020', 'DD/MM/YYYY'), '0124', 'Y');

INSERT INTO PARTECIPA_SEDUTA(TESSERINO_DOCENTE, DATA_APPELLO, CODICE_CORSO, PRESIDENTE) VALUES 
('111126', TO_DATE('03/11/2020', 'DD/MM/YYYY'), '0332', 'Y');

INSERT INTO PARTECIPA_SEDUTA(TESSERINO_DOCENTE, DATA_APPELLO, CODICE_CORSO, PRESIDENTE) VALUES 
('111125', TO_DATE('05/11/2020', 'DD/MM/YYYY'), '0328', 'Y');

INSERT INTO PARTECIPA_SEDUTA(TESSERINO_DOCENTE, DATA_APPELLO, CODICE_CORSO, PRESIDENTE) VALUES 
('111115', TO_DATE('02/11/2020', 'DD/MM/YYYY'), '0327', 'Y');

INSERT INTO PARTECIPA_SEDUTA(TESSERINO_DOCENTE, DATA_APPELLO, CODICE_CORSO, PRESIDENTE) VALUES 
('111115', TO_DATE('11/11/2020', 'DD/MM/YYYY'), '0123', 'Y');

INSERT INTO PARTECIPA_SEDUTA(TESSERINO_DOCENTE, DATA_APPELLO, CODICE_CORSO, PRESIDENTE) VALUES 
('111121', TO_DATE('12/11/2020', 'DD/MM/YYYY'), '0512', 'Y');

INSERT INTO PARTECIPA_SEDUTA(TESSERINO_DOCENTE, DATA_APPELLO, CODICE_CORSO, PRESIDENTE) VALUES 
('111118', TO_DATE('03/11/2020', 'DD/MM/YYYY'), '0122', 'Y');

INSERT INTO PARTECIPA_SEDUTA(TESSERINO_DOCENTE, DATA_APPELLO, CODICE_CORSO, PRESIDENTE) VALUES 
('111119', TO_DATE('09/11/2020', 'DD/MM/YYYY'), '0120', 'Y');

INSERT INTO PARTECIPA_SEDUTA(TESSERINO_DOCENTE, DATA_APPELLO, CODICE_CORSO, PRESIDENTE) VALUES 
('111124', TO_DATE('10/11/2020', 'DD/MM/YYYY'), '0331', 'Y');

INSERT INTO PARTECIPA_SEDUTA(TESSERINO_DOCENTE, DATA_APPELLO, CODICE_CORSO, PRESIDENTE) VALUES 
('111128', TO_DATE('08/11/2020', 'DD/MM/YYYY'), '0330', 'Y');

INSERT INTO PARTECIPA_SEDUTA(TESSERINO_DOCENTE, DATA_APPELLO, CODICE_CORSO, PRESIDENTE) VALUES 
('111119', TO_DATE('11/11/2020', 'DD/MM/YYYY'), '0326', 'Y');

INSERT INTO PARTECIPA_SEDUTA(TESSERINO_DOCENTE, DATA_APPELLO, CODICE_CORSO, PRESIDENTE) VALUES 
('111129', TO_DATE('07/11/2020', 'DD/MM/YYYY'), '0515', 'Y');

INSERT INTO PARTECIPA_SEDUTA(TESSERINO_DOCENTE, DATA_APPELLO, CODICE_CORSO, PRESIDENTE) VALUES 
('111122', TO_DATE('02/11/2020', 'DD/MM/YYYY'), '0121', 'Y');

INSERT INTO PARTECIPA_SEDUTA(TESSERINO_DOCENTE, DATA_APPELLO, CODICE_CORSO, PRESIDENTE) VALUES 
('111120', TO_DATE('05/11/2020', 'DD/MM/YYYY'), '0514', 'Y');

INSERT INTO PARTECIPA_SEDUTA(TESSERINO_DOCENTE, DATA_APPELLO, CODICE_CORSO, PRESIDENTE) VALUES 
('111111', TO_DATE('01/11/2020', 'DD/MM/YYYY'), '0125', 'Y');

INSERT INTO PARTECIPA_SEDUTA(TESSERINO_DOCENTE, DATA_APPELLO, CODICE_CORSO, PRESIDENTE) VALUES 
('111113', TO_DATE('01/11/2020', 'DD/MM/YYYY'), '0124', 'N');

INSERT INTO PARTECIPA_SEDUTA(TESSERINO_DOCENTE, DATA_APPELLO, CODICE_CORSO, PRESIDENTE) VALUES 
('111119', TO_DATE('01/11/2020', 'DD/MM/YYYY'), '0125', 'N');

INSERT INTO PARTECIPA_SEDUTA(TESSERINO_DOCENTE, DATA_APPELLO, CODICE_CORSO, PRESIDENTE) VALUES 
('111112', TO_DATE('03/11/2020', 'DD/MM/YYYY'), '0332', 'N');

INSERT INTO PARTECIPA_SEDUTA(TESSERINO_DOCENTE, DATA_APPELLO, CODICE_CORSO, PRESIDENTE) VALUES 
('111122', TO_DATE('05/11/2020', 'DD/MM/YYYY'), '0328', 'N');

INSERT INTO PARTECIPA_SEDUTA(TESSERINO_DOCENTE, DATA_APPELLO, CODICE_CORSO, PRESIDENTE) VALUES 
('111129', TO_DATE('02/11/2020', 'DD/MM/YYYY'), '0327', 'N');

INSERT INTO PARTECIPA_SEDUTA(TESSERINO_DOCENTE, DATA_APPELLO, CODICE_CORSO, PRESIDENTE) VALUES 
('111111', TO_DATE('11/11/2020', 'DD/MM/YYYY'), '0123', 'N');

INSERT INTO PARTECIPA_SEDUTA(TESSERINO_DOCENTE, DATA_APPELLO, CODICE_CORSO, PRESIDENTE) VALUES 
('111120', TO_DATE('12/11/2020', 'DD/MM/YYYY'), '0512', 'N');

INSERT INTO PARTECIPA_SEDUTA(TESSERINO_DOCENTE, DATA_APPELLO, CODICE_CORSO, PRESIDENTE) VALUES 
('111124', TO_DATE('03/11/2020', 'DD/MM/YYYY'), '0122', 'N');


-- relatore
INSERT INTO RELATORE(MATRICOLA_STUDENTE, TESSERINO_DOCENTE, DATA_INIZIO, DATA_FINE, TITOLO_TESI, TIPO_TESI) VALUES 
('111150', '111112', TO_DATE('01/09/2020', 'DD/MM/YYYY'), TO_DATE('30/10/2020', 'DD/MM/YYYY'), 'Realizzazione di una piattaforma per l''erogazione di open data', 'SPERIMENTALE');

INSERT INTO RELATORE(MATRICOLA_STUDENTE, TESSERINO_DOCENTE, DATA_INIZIO, DATA_FINE, TITOLO_TESI, TIPO_TESI) VALUES 
('111151', '111126', TO_DATE('01/09/2020', 'DD/MM/YYYY'), TO_DATE('30/10/2020', 'DD/MM/YYYY'), 'Rischio idrogeologico e cambiamenti climatici: l''azione antropica sull''ambiente', 'COMPILATIVA');

INSERT INTO RELATORE(MATRICOLA_STUDENTE, TESSERINO_DOCENTE, DATA_INIZIO, DATA_FINE, TITOLO_TESI, TIPO_TESI) VALUES 
('111152', '111125', TO_DATE('01/09/2020', 'DD/MM/YYYY'), TO_DATE('30/10/2020', 'DD/MM/YYYY'), 'Adaptive decision making: un''opportunit per le organizzazioni moderne', 'COMPILATIVA');

INSERT INTO RELATORE(MATRICOLA_STUDENTE, TESSERINO_DOCENTE, DATA_INIZIO, DATA_FINE, TITOLO_TESI, TIPO_TESI) VALUES 
('111153', '111115', TO_DATE('01/09/2020', 'DD/MM/YYYY'), TO_DATE('30/10/2020', 'DD/MM/YYYY'), 'Monitoring the Sustainability of Multi-Component Applications', 'SPERIMENTALE');

INSERT INTO RELATORE(MATRICOLA_STUDENTE, TESSERINO_DOCENTE, DATA_INIZIO, DATA_FINE, TITOLO_TESI, TIPO_TESI) VALUES 
('111166', '111115', TO_DATE('01/09/2020', 'DD/MM/YYYY'), TO_DATE('30/10/2020', 'DD/MM/YYYY'), 'Processi di biorisanamento ambientale', 'SPERIMENTALE');

INSERT INTO RELATORE(MATRICOLA_STUDENTE, TESSERINO_DOCENTE, DATA_INIZIO, DATA_FINE, TITOLO_TESI, TIPO_TESI) VALUES 
('111155', '111121', TO_DATE('01/09/2020', 'DD/MM/YYYY'), TO_DATE('30/10/2020', 'DD/MM/YYYY'), 'SPORT E DISABILITA''. IL BASKET IN CARROZZINA. ', 'COMPILATIVA');

INSERT INTO RELATORE(MATRICOLA_STUDENTE, TESSERINO_DOCENTE, DATA_INIZIO, DATA_FINE, TITOLO_TESI, TIPO_TESI) VALUES 
('111156', '111118', TO_DATE('01/09/2020', 'DD/MM/YYYY'), TO_DATE('30/10/2020', 'DD/MM/YYYY'), 'Allineamenti adattativi basati su elementi a microstriscia', 'COMPILATIVA');

INSERT INTO RELATORE(MATRICOLA_STUDENTE, TESSERINO_DOCENTE, DATA_INIZIO, DATA_FINE, TITOLO_TESI, TIPO_TESI) VALUES 
('111159', '111119', TO_DATE('01/09/2020', 'DD/MM/YYYY'), TO_DATE('30/10/2020', 'DD/MM/YYYY'), '	
Analisi dellinterazione farmaco-cellula tramite microspettroscopia FTIR', 'SPERIMENTALE');

INSERT INTO RELATORE(MATRICOLA_STUDENTE, TESSERINO_DOCENTE, DATA_INIZIO, DATA_FINE, TITOLO_TESI, TIPO_TESI) VALUES 
('111160', '111124', TO_DATE('01/09/2020', 'DD/MM/YYYY'), TO_DATE('30/10/2020', 'DD/MM/YYYY'), 'Unity: un ambiente per lo sviluppo di videogiochi multipiattaforma.', 'COMPILATIVA');

INSERT INTO RELATORE(MATRICOLA_STUDENTE, TESSERINO_DOCENTE, DATA_INIZIO, DATA_FINE, TITOLO_TESI, TIPO_TESI) VALUES 
('111161', '111128', TO_DATE('01/09/2020', 'DD/MM/YYYY'), TO_DATE('30/10/2020', 'DD/MM/YYYY'), 'La green supply chain nel settore edile', 'SPERIMENTALE');

INSERT INTO RELATORE(MATRICOLA_STUDENTE, TESSERINO_DOCENTE, DATA_INIZIO, DATA_FINE, TITOLO_TESI, TIPO_TESI) VALUES 
('111162', '111119', TO_DATE('01/09/2020', 'DD/MM/YYYY'), TO_DATE('30/10/2020', 'DD/MM/YYYY'), 'CYBERSECURITY E POLIZIA DI STATO', 'COMPILATIVA');

INSERT INTO RELATORE(MATRICOLA_STUDENTE, TESSERINO_DOCENTE, DATA_INIZIO, DATA_FINE, TITOLO_TESI, TIPO_TESI) VALUES 
('111172', '111129', TO_DATE('01/09/2020', 'DD/MM/YYYY'), TO_DATE('30/10/2020', 'DD/MM/YYYY'), 'L''APPRENDIMENTO MOTORIO NEL CALCIO: LA TEORIA DEI SISTEMI DINAMICI.', 'COMPILATIVA');

INSERT INTO RELATORE(MATRICOLA_STUDENTE, TESSERINO_DOCENTE, DATA_INIZIO, DATA_FINE, TITOLO_TESI, TIPO_TESI) VALUES 
('111167', '111122', TO_DATE('01/09/2020', 'DD/MM/YYYY'), TO_DATE('30/10/2020', 'DD/MM/YYYY'), 'Strumenti della navigazione stimata nella storia delle Scienze Nautiche', 'COMPILATIVA');

INSERT INTO RELATORE(MATRICOLA_STUDENTE, TESSERINO_DOCENTE, DATA_INIZIO, DATA_FINE, TITOLO_TESI, TIPO_TESI) VALUES 
('111163', '111120', TO_DATE('01/09/2020', 'DD/MM/YYYY'), TO_DATE('30/10/2020', 'DD/MM/YYYY'), 'IGIENE E PROMOZIONE DELLA SALUTE', 'COMPILATIVA');

INSERT INTO RELATORE(MATRICOLA_STUDENTE, TESSERINO_DOCENTE, DATA_INIZIO, DATA_FINE, TITOLO_TESI, TIPO_TESI) VALUES 
('111165', '111111', TO_DATE('01/09/2020', 'DD/MM/YYYY'), TO_DATE('30/10/2020', 'DD/MM/YYYY'), 'I trasporti marittimi: organizzazione e gestione dell''attivit', 'COMPILATIVA');


-- prenotazione appello seduta
INSERT INTO PRENOTAZIONE_APPELLO_SEDUTA(MATRICOLA_STUDENTE, CODICE_CORSO, DATA_APPELLO, DATA_PRENOTAZIONE, NUMERO) VALUES 
('111150', '0124', TO_DATE('01/11/2020', 'DD/MM/YYYY'), TO_DATE('05/10/2020', 'DD/MM/YYYY'), '66601');

INSERT INTO PRENOTAZIONE_APPELLO_SEDUTA(MATRICOLA_STUDENTE, CODICE_CORSO, DATA_APPELLO, DATA_PRENOTAZIONE, NUMERO) VALUES 
('111151', '0332', TO_DATE('03/11/2020', 'DD/MM/YYYY'), TO_DATE('08/10/2020', 'DD/MM/YYYY'), '66602');

INSERT INTO PRENOTAZIONE_APPELLO_SEDUTA(MATRICOLA_STUDENTE, CODICE_CORSO, DATA_APPELLO, DATA_PRENOTAZIONE, NUMERO) VALUES 
('111152', '0328', TO_DATE('05/11/2020', 'DD/MM/YYYY'), TO_DATE('04/10/2020', 'DD/MM/YYYY'), '66603');

INSERT INTO PRENOTAZIONE_APPELLO_SEDUTA(MATRICOLA_STUDENTE, CODICE_CORSO, DATA_APPELLO, DATA_PRENOTAZIONE, NUMERO) VALUES 
('111153', '0327', TO_DATE('02/11/2020', 'DD/MM/YYYY'), TO_DATE('12/10/2020', 'DD/MM/YYYY'), '66604');

INSERT INTO PRENOTAZIONE_APPELLO_SEDUTA(MATRICOLA_STUDENTE, CODICE_CORSO, DATA_APPELLO, DATA_PRENOTAZIONE, NUMERO) VALUES 
('111166', '0123', TO_DATE('11/11/2020', 'DD/MM/YYYY'), TO_DATE('15/10/2020', 'DD/MM/YYYY'), '66605');

INSERT INTO PRENOTAZIONE_APPELLO_SEDUTA(MATRICOLA_STUDENTE, CODICE_CORSO, DATA_APPELLO, DATA_PRENOTAZIONE, NUMERO) VALUES 
('111155', '0512', TO_DATE('12/11/2020', 'DD/MM/YYYY'), TO_DATE('17/10/2020', 'DD/MM/YYYY'), '66606');

INSERT INTO PRENOTAZIONE_APPELLO_SEDUTA(MATRICOLA_STUDENTE, CODICE_CORSO, DATA_APPELLO, DATA_PRENOTAZIONE, NUMERO) VALUES 
('111156', '0122', TO_DATE('03/11/2020', 'DD/MM/YYYY'), TO_DATE('11/10/2020', 'DD/MM/YYYY'), '66607');

INSERT INTO PRENOTAZIONE_APPELLO_SEDUTA(MATRICOLA_STUDENTE, CODICE_CORSO, DATA_APPELLO, DATA_PRENOTAZIONE, NUMERO) VALUES 
('111159', '0120', TO_DATE('09/11/2020', 'DD/MM/YYYY'), TO_DATE('06/10/2020', 'DD/MM/YYYY'), '66608');

INSERT INTO PRENOTAZIONE_APPELLO_SEDUTA(MATRICOLA_STUDENTE, CODICE_CORSO, DATA_APPELLO, DATA_PRENOTAZIONE, NUMERO) VALUES 
('111160', '0331', TO_DATE('10/11/2020', 'DD/MM/YYYY'), TO_DATE('07/10/2020', 'DD/MM/YYYY'), '66609');

INSERT INTO PRENOTAZIONE_APPELLO_SEDUTA(MATRICOLA_STUDENTE, CODICE_CORSO, DATA_APPELLO, DATA_PRENOTAZIONE, NUMERO) VALUES 
('111161', '0330', TO_DATE('08/11/2020', 'DD/MM/YYYY'), TO_DATE('09/10/2020', 'DD/MM/YYYY'), '66610');

INSERT INTO PRENOTAZIONE_APPELLO_SEDUTA(MATRICOLA_STUDENTE, CODICE_CORSO, DATA_APPELLO, DATA_PRENOTAZIONE, NUMERO) VALUES 
('111162', '0326', TO_DATE('11/11/2020', 'DD/MM/YYYY'), TO_DATE('05/10/2020', 'DD/MM/YYYY'), '66611');

INSERT INTO PRENOTAZIONE_APPELLO_SEDUTA(MATRICOLA_STUDENTE, CODICE_CORSO, DATA_APPELLO, DATA_PRENOTAZIONE, NUMERO) VALUES 
('111172', '0515', TO_DATE('07/11/2020', 'DD/MM/YYYY'), TO_DATE('22/10/2020', 'DD/MM/YYYY'), '66612');

INSERT INTO PRENOTAZIONE_APPELLO_SEDUTA(MATRICOLA_STUDENTE, CODICE_CORSO, DATA_APPELLO, DATA_PRENOTAZIONE, NUMERO) VALUES 
('111167', '0121', TO_DATE('02/11/2020', 'DD/MM/YYYY'), TO_DATE('15/10/2020', 'DD/MM/YYYY'), '66613');

INSERT INTO PRENOTAZIONE_APPELLO_SEDUTA(MATRICOLA_STUDENTE, CODICE_CORSO, DATA_APPELLO, DATA_PRENOTAZIONE, NUMERO) VALUES 
('111163', '0514', TO_DATE('05/11/2020', 'DD/MM/YYYY'), TO_DATE('19/10/2020', 'DD/MM/YYYY'), '66614');

INSERT INTO PRENOTAZIONE_APPELLO_SEDUTA(MATRICOLA_STUDENTE, CODICE_CORSO, DATA_APPELLO, DATA_PRENOTAZIONE, NUMERO) VALUES 
('111165', '0125', TO_DATE('01/11/2020', 'DD/MM/YYYY'), TO_DATE('02/10/2020', 'DD/MM/YYYY'), '66615');


-- seduta laurea
INSERT INTO SEDUTA_LAUREA(NUMERO_VERBALE, CODICE_CORSO, DATA_SEDUTA, MATRICOLA_STUDENTE, VOTO, LODE) VALUES 
('400000000000001','0124', TO_DATE('01/11/2020', 'DD/MM/YYYY'), '111150', 110, 'Y');

INSERT INTO SEDUTA_LAUREA(NUMERO_VERBALE, CODICE_CORSO, DATA_SEDUTA, MATRICOLA_STUDENTE, VOTO, LODE) VALUES 
('400000000000002','0332', TO_DATE('03/11/2020', 'DD/MM/YYYY'), '111151', 90, 'N');

INSERT INTO SEDUTA_LAUREA(NUMERO_VERBALE, CODICE_CORSO, DATA_SEDUTA, MATRICOLA_STUDENTE, VOTO, LODE) VALUES 
('400000000000003', '0328', TO_DATE('05/11/2020', 'DD/MM/YYYY'), '111152', 100, 'N');

INSERT INTO SEDUTA_LAUREA(NUMERO_VERBALE, CODICE_CORSO, DATA_SEDUTA, MATRICOLA_STUDENTE, VOTO, LODE) VALUES 
('400000000000004','0327', TO_DATE('02/11/2020', 'DD/MM/YYYY'), '111153',  110, 'Y');

INSERT INTO SEDUTA_LAUREA(NUMERO_VERBALE, CODICE_CORSO, DATA_SEDUTA, MATRICOLA_STUDENTE, VOTO, LODE) VALUES 
('400000000000005','0123', TO_DATE('11/11/2020', 'DD/MM/YYYY'),'111166', 100, 'N');

INSERT INTO SEDUTA_LAUREA(NUMERO_VERBALE, CODICE_CORSO, DATA_SEDUTA, MATRICOLA_STUDENTE, VOTO, LODE) VALUES 
('400000000000006','0512', TO_DATE('12/11/2020', 'DD/MM/YYYY'), '111155', 110, 'Y');

INSERT INTO SEDUTA_LAUREA(NUMERO_VERBALE, CODICE_CORSO, DATA_SEDUTA, MATRICOLA_STUDENTE, VOTO, LODE) VALUES 
('400000000000007','0122', TO_DATE('03/11/2020', 'DD/MM/YYYY'), '111156', 80, 'N');

INSERT INTO SEDUTA_LAUREA(NUMERO_VERBALE, CODICE_CORSO, DATA_SEDUTA, MATRICOLA_STUDENTE, VOTO, LODE) VALUES 
('400000000000008','0120', TO_DATE('09/11/2020', 'DD/MM/YYYY'), '111159', 110, 'Y');

INSERT INTO SEDUTA_LAUREA(NUMERO_VERBALE, CODICE_CORSO, DATA_SEDUTA, MATRICOLA_STUDENTE, VOTO, LODE) VALUES 
('400000000000009','0331', TO_DATE('10/11/2020', 'DD/MM/YYYY'), '111160', 110, 'Y');

INSERT INTO SEDUTA_LAUREA(NUMERO_VERBALE, CODICE_CORSO, DATA_SEDUTA, MATRICOLA_STUDENTE, VOTO, LODE) VALUES 
('400000000000010','0330', TO_DATE('08/11/2020', 'DD/MM/YYYY'), '111161', 110, 'Y');

INSERT INTO SEDUTA_LAUREA(NUMERO_VERBALE, CODICE_CORSO, DATA_SEDUTA, MATRICOLA_STUDENTE, VOTO, LODE) VALUES 
('400000000000011','0326', TO_DATE('11/11/2020', 'DD/MM/YYYY'), '111162', 110, 'Y');

INSERT INTO SEDUTA_LAUREA(NUMERO_VERBALE, CODICE_CORSO, DATA_SEDUTA, MATRICOLA_STUDENTE, VOTO, LODE) VALUES 
('400000000000012','0515', TO_DATE('07/11/2020', 'DD/MM/YYYY'), '111172',  95, 'N');

INSERT INTO SEDUTA_LAUREA(NUMERO_VERBALE, CODICE_CORSO, DATA_SEDUTA, MATRICOLA_STUDENTE, VOTO, LODE) VALUES 
('400000000000013','0121', TO_DATE('02/11/2020', 'DD/MM/YYYY'), '111167', 98, 'N');

INSERT INTO SEDUTA_LAUREA(NUMERO_VERBALE, CODICE_CORSO, DATA_SEDUTA, MATRICOLA_STUDENTE, VOTO, LODE) VALUES 
('400000000000014','0514', TO_DATE('05/11/2020', 'DD/MM/YYYY'), '111163', 80, 'N');

INSERT INTO SEDUTA_LAUREA(NUMERO_VERBALE, CODICE_CORSO, DATA_SEDUTA, MATRICOLA_STUDENTE, VOTO, LODE) VALUES 
('400000000000015','0125', TO_DATE('01/11/2020', 'DD/MM/YYYY'), '111165', 110, 'Y');


-- telefono studente
INSERT INTO TELEFONO_STUDENTE(NUMERO_TELEFONO_STUDENTE, MATRICOLA_STUDENTE) VALUES 
('3311111111', '111150');

INSERT INTO TELEFONO_STUDENTE(NUMERO_TELEFONO_STUDENTE, MATRICOLA_STUDENTE) VALUES 
('3311111112', '111151');

INSERT INTO TELEFONO_STUDENTE(NUMERO_TELEFONO_STUDENTE, MATRICOLA_STUDENTE) VALUES 
('3311111113', '111152');

INSERT INTO TELEFONO_STUDENTE(NUMERO_TELEFONO_STUDENTE, MATRICOLA_STUDENTE) VALUES 
('3311111114', '111153');

INSERT INTO TELEFONO_STUDENTE(NUMERO_TELEFONO_STUDENTE, MATRICOLA_STUDENTE) VALUES 
('3311111115', '111154');

INSERT INTO TELEFONO_STUDENTE(NUMERO_TELEFONO_STUDENTE, MATRICOLA_STUDENTE) VALUES 
('3311111116', '111155');

INSERT INTO TELEFONO_STUDENTE(NUMERO_TELEFONO_STUDENTE, MATRICOLA_STUDENTE) VALUES 
('3311111117', '111156');

INSERT INTO TELEFONO_STUDENTE(NUMERO_TELEFONO_STUDENTE, MATRICOLA_STUDENTE) VALUES 
('3311111118', '111157');

INSERT INTO TELEFONO_STUDENTE(NUMERO_TELEFONO_STUDENTE, MATRICOLA_STUDENTE) VALUES 
('3311111120', '111159');

INSERT INTO TELEFONO_STUDENTE(NUMERO_TELEFONO_STUDENTE, MATRICOLA_STUDENTE) VALUES 
('3311111121', '111160');

INSERT INTO TELEFONO_STUDENTE(NUMERO_TELEFONO_STUDENTE, MATRICOLA_STUDENTE) VALUES 
('3311111122', '111161');

INSERT INTO TELEFONO_STUDENTE(NUMERO_TELEFONO_STUDENTE, MATRICOLA_STUDENTE) VALUES 
('3311111123', '111162');

INSERT INTO TELEFONO_STUDENTE(NUMERO_TELEFONO_STUDENTE, MATRICOLA_STUDENTE) VALUES 
('3311111124', '111163');

INSERT INTO TELEFONO_STUDENTE(NUMERO_TELEFONO_STUDENTE, MATRICOLA_STUDENTE) VALUES 
('3311111125', '111164');

INSERT INTO TELEFONO_STUDENTE(NUMERO_TELEFONO_STUDENTE, MATRICOLA_STUDENTE) VALUES 
('3311111119', '111165');


-- email studente
INSERT INTO EMAIL_STUDENTE(MAIL_STUDENTE, MATRICOLA_STUDENTE) VALUES 
('mario.cicalone001@studenti.uniparthenope.it', '111150');

INSERT INTO EMAIL_STUDENTE(MAIL_STUDENTE, MATRICOLA_STUDENTE) VALUES 
('maria.bianchi001@studenti.uniparthenope.it', '111151');

INSERT INTO EMAIL_STUDENTE(MAIL_STUDENTE, MATRICOLA_STUDENTE) VALUES 
('andrea.rossi001@studenti.uniparthenope.it', '111152');

INSERT INTO EMAIL_STUDENTE(MAIL_STUDENTE, MATRICOLA_STUDENTE) VALUES 
('anna.brusaferro001@studenti.uniparthenope.it', '111153');

INSERT INTO EMAIL_STUDENTE(MAIL_STUDENTE, MATRICOLA_STUDENTE) VALUES 
('luca.longhi001@studenti.uniparthenope.it', '111154');

INSERT INTO EMAIL_STUDENTE(MAIL_STUDENTE, MATRICOLA_STUDENTE) VALUES 
('laura.fossetta001@studenti.uniparthenope.it', '111155');

INSERT INTO EMAIL_STUDENTE(MAIL_STUDENTE, MATRICOLA_STUDENTE) VALUES 
('matteo.tromba001@studenti.uniparthenope.it', '111156');

INSERT INTO EMAIL_STUDENTE(MAIL_STUDENTE, MATRICOLA_STUDENTE) VALUES 
('mario.stroppa001@studenti.uniparthenope.it', '111157');

INSERT INTO EMAIL_STUDENTE(MAIL_STUDENTE, MATRICOLA_STUDENTE) VALUES 
('giuseppe.conti001@studenti.uniparthenope.it', '111159');

INSERT INTO EMAIL_STUDENTE(MAIL_STUDENTE, MATRICOLA_STUDENTE) VALUES 
('camilla.nola001@studenti.uniparthenope.it', '111160');

INSERT INTO EMAIL_STUDENTE(MAIL_STUDENTE, MATRICOLA_STUDENTE) VALUES 
('maria.broccoli001@studenti.uniparthenope.it', '111161');

INSERT INTO EMAIL_STUDENTE(MAIL_STUDENTE, MATRICOLA_STUDENTE) VALUES 
('vincenzo.motta001@studenti.uniparthenope.it', '111162');

INSERT INTO EMAIL_STUDENTE(MAIL_STUDENTE, MATRICOLA_STUDENTE) VALUES 
('carlo.mascara001@studenti.uniparthenope.it', '111163');

INSERT INTO EMAIL_STUDENTE(MAIL_STUDENTE, MATRICOLA_STUDENTE) VALUES 
('lorenzo.manzo001@studenti.uniparthenope.it', '111164');

INSERT INTO EMAIL_STUDENTE(MAIL_STUDENTE, MATRICOLA_STUDENTE) VALUES 
('anna.manita001@studenti.uniparthenope.it', '111165');


-- telefono docente
INSERT INTO TELEFONO_DOCENTE(NUMERO_TELEFONO_DOCENTE, TESSERINO_DOCENTE) VALUES 
('3312111111', '111111');

INSERT INTO TELEFONO_DOCENTE(NUMERO_TELEFONO_DOCENTE, TESSERINO_DOCENTE) VALUES
('3312111112', '111112');

INSERT INTO TELEFONO_DOCENTE(NUMERO_TELEFONO_DOCENTE, TESSERINO_DOCENTE) VALUES 
('3312111113', '111113');

INSERT INTO TELEFONO_DOCENTE(NUMERO_TELEFONO_DOCENTE, TESSERINO_DOCENTE) VALUES
('3312111114', '111114');

INSERT INTO TELEFONO_DOCENTE(NUMERO_TELEFONO_DOCENTE, TESSERINO_DOCENTE) VALUES
('3312111115', '111115');

INSERT INTO TELEFONO_DOCENTE(NUMERO_TELEFONO_DOCENTE, TESSERINO_DOCENTE) VALUES
('3312111116', '111116');

INSERT INTO TELEFONO_DOCENTE(NUMERO_TELEFONO_DOCENTE, TESSERINO_DOCENTE) VALUES
('3312111117', '111117');

INSERT INTO TELEFONO_DOCENTE(NUMERO_TELEFONO_DOCENTE, TESSERINO_DOCENTE) VALUES
('3312111118', '111118');

INSERT INTO TELEFONO_DOCENTE(NUMERO_TELEFONO_DOCENTE, TESSERINO_DOCENTE) VALUES
('3312111119', '111119');

INSERT INTO TELEFONO_DOCENTE(NUMERO_TELEFONO_DOCENTE, TESSERINO_DOCENTE) VALUES 
('3312111120', '111120');

INSERT INTO TELEFONO_DOCENTE(NUMERO_TELEFONO_DOCENTE, TESSERINO_DOCENTE) VALUES
('3312111121', '111121');

INSERT INTO TELEFONO_DOCENTE(NUMERO_TELEFONO_DOCENTE, TESSERINO_DOCENTE) VALUES
('3312111122', '111122');

INSERT INTO TELEFONO_DOCENTE(NUMERO_TELEFONO_DOCENTE, TESSERINO_DOCENTE) VALUES
('3312111123', '111123');

INSERT INTO TELEFONO_DOCENTE(NUMERO_TELEFONO_DOCENTE, TESSERINO_DOCENTE) VALUES
('3312111124', '111124');

INSERT INTO TELEFONO_DOCENTE(NUMERO_TELEFONO_DOCENTE, TESSERINO_DOCENTE) VALUES
('3312111125', '111125');


-- email docente
INSERT INTO EMAIL_DOCENTE(MAIL_DOCENTE, TESSERINO_DOCENTE) VALUES 
('massimiliano.rossi@uniparthenope.it', '111111');

INSERT INTO EMAIL_DOCENTE(MAIL_DOCENTE, TESSERINO_DOCENTE) VALUES
('giorgio.bianchi@uniparthenope.it', '111112');

INSERT INTO EMAIL_DOCENTE(MAIL_DOCENTE, TESSERINO_DOCENTE) VALUES 
('mario.verdi@uniparthenope.it', '111113');

INSERT INTO EMAIL_DOCENTE(MAIL_DOCENTE, TESSERINO_DOCENTE) VALUES
('mariarosaria.casimeni@uniparthenope.it', '111114');

INSERT INTO EMAIL_DOCENTE(MAIL_DOCENTE, TESSERINO_DOCENTE) VALUES
('maria.cavino@uniparthenope.it', '111115');

INSERT INTO EMAIL_DOCENTE(MAIL_DOCENTE, TESSERINO_DOCENTE) VALUES
('alessio.somma@uniparthenope.it', '111116');

INSERT INTO EMAIL_DOCENTE(MAIL_DOCENTE, TESSERINO_DOCENTE) VALUES
('daniele.siciliano@uniparthenope.it', '111117');

INSERT INTO EMAIL_DOCENTE(MAIL_DOCENTE, TESSERINO_DOCENTE) VALUES
('gennaro.esposito@uniparthenope.it', '111118');

INSERT INTO EMAIL_DOCENTE(MAIL_DOCENTE, TESSERINO_DOCENTE) VALUES
('manila.lanzi@uniparthenope.it', '111119');

INSERT INTO EMAIL_DOCENTE(MAIL_DOCENTE, TESSERINO_DOCENTE) VALUES 
('simone.laurenti@uniparthenope.it', '111120');

INSERT INTO EMAIL_DOCENTE(MAIL_DOCENTE, TESSERINO_DOCENTE) VALUES
('alfredo.bengaloni@uniparthenope.it', '111121');

INSERT INTO EMAIL_DOCENTE(MAIL_DOCENTE, TESSERINO_DOCENTE) VALUES
('francesco.amico@uniparthenope.it', '111122');

INSERT INTO EMAIL_DOCENTE(MAIL_DOCENTE, TESSERINO_DOCENTE) VALUES
('chiara.nasone@uniparthenope.it', '111123');

INSERT INTO EMAIL_DOCENTE(MAIL_DOCENTE, TESSERINO_DOCENTE) VALUES
('andrea.gallo@uniparthenope.it', '111124');

INSERT INTO EMAIL_DOCENTE(MAIL_DOCENTE, TESSERINO_DOCENTE) VALUES
('camillo.benso@uniparthenope.it', '111125');


-- telefono tutor aziendale
INSERT INTO TELEFONO_TUTOR_AZIENDALE(NUMERO_TELEFONO_TUTOR_AZIENDALE, TESSERINO_TUTOR_AZIENDA) VALUES
('3313111111', '111201');

INSERT INTO TELEFONO_TUTOR_AZIENDALE(NUMERO_TELEFONO_TUTOR_AZIENDALE, TESSERINO_TUTOR_AZIENDA) VALUES
('3313111112', '111202');

INSERT INTO TELEFONO_TUTOR_AZIENDALE(NUMERO_TELEFONO_TUTOR_AZIENDALE, TESSERINO_TUTOR_AZIENDA) VALUES
('3313111113', '111203');

INSERT INTO TELEFONO_TUTOR_AZIENDALE(NUMERO_TELEFONO_TUTOR_AZIENDALE, TESSERINO_TUTOR_AZIENDA) VALUES
('3313111114', '111204');

INSERT INTO TELEFONO_TUTOR_AZIENDALE(NUMERO_TELEFONO_TUTOR_AZIENDALE, TESSERINO_TUTOR_AZIENDA) VALUES
('3313111115', '111205');

INSERT INTO TELEFONO_TUTOR_AZIENDALE(NUMERO_TELEFONO_TUTOR_AZIENDALE, TESSERINO_TUTOR_AZIENDA) VALUES
('3313111116', '111206');

INSERT INTO TELEFONO_TUTOR_AZIENDALE(NUMERO_TELEFONO_TUTOR_AZIENDALE, TESSERINO_TUTOR_AZIENDA) VALUES
('3313111117', '111207');

INSERT INTO TELEFONO_TUTOR_AZIENDALE(NUMERO_TELEFONO_TUTOR_AZIENDALE, TESSERINO_TUTOR_AZIENDA) VALUES
('3313111118', '111208');

INSERT INTO TELEFONO_TUTOR_AZIENDALE(NUMERO_TELEFONO_TUTOR_AZIENDALE, TESSERINO_TUTOR_AZIENDA) VALUES
('3313111119', '111209');

INSERT INTO TELEFONO_TUTOR_AZIENDALE(NUMERO_TELEFONO_TUTOR_AZIENDALE, TESSERINO_TUTOR_AZIENDA) VALUES
('3313111120', '111210');

INSERT INTO TELEFONO_TUTOR_AZIENDALE(NUMERO_TELEFONO_TUTOR_AZIENDALE, TESSERINO_TUTOR_AZIENDA) VALUES
('3313111121', '111211');

INSERT INTO TELEFONO_TUTOR_AZIENDALE(NUMERO_TELEFONO_TUTOR_AZIENDALE, TESSERINO_TUTOR_AZIENDA) VALUES
('3313111122', '111212');

INSERT INTO TELEFONO_TUTOR_AZIENDALE(NUMERO_TELEFONO_TUTOR_AZIENDALE, TESSERINO_TUTOR_AZIENDA) VALUES
('3313111123', '111213');

INSERT INTO TELEFONO_TUTOR_AZIENDALE(NUMERO_TELEFONO_TUTOR_AZIENDALE, TESSERINO_TUTOR_AZIENDA) VALUES
('3313111124', '111214');

INSERT INTO TELEFONO_TUTOR_AZIENDALE(NUMERO_TELEFONO_TUTOR_AZIENDALE, TESSERINO_TUTOR_AZIENDA) VALUES
('3313111125', '111215');


-- email tutor aziendale
INSERT INTO EMAIL_TUTOR_AZIENDALE(MAIL_TUTOR_AZIENDALE, TESSERINO_TUTOR_AZIENDA) VALUES
('luca.bolle@uniparthenope.it', '111201');

INSERT INTO EMAIL_TUTOR_AZIENDALE(MAIL_TUTOR_AZIENDALE, TESSERINO_TUTOR_AZIENDA) VALUES
('matteo.borghi@uniparthenope.it', '111202');

INSERT INTO EMAIL_TUTOR_AZIENDALE(MAIL_TUTOR_AZIENDALE, TESSERINO_TUTOR_AZIENDA) VALUES
('massimo.galliotti@uniparthenope.it', '111203');

INSERT INTO EMAIL_TUTOR_AZIENDALE(MAIL_TUTOR_AZIENDALE, TESSERINO_TUTOR_AZIENDA) VALUES
('daniele.curti@uniparthenope.it', '111204');

INSERT INTO EMAIL_TUTOR_AZIENDALE(MAIL_TUTOR_AZIENDALE, TESSERINO_TUTOR_AZIENDA) VALUES
('angelo.posa@uniparthenope.it', '111205');

INSERT INTO EMAIL_TUTOR_AZIENDALE(MAIL_TUTOR_AZIENDALE, TESSERINO_TUTOR_AZIENDA) VALUES
('andrea.marini@uniparthenope.it', '111206');

INSERT INTO EMAIL_TUTOR_AZIENDALE(MAIL_TUTOR_AZIENDALE, TESSERINO_TUTOR_AZIENDA) VALUES
('franco.monte@uniparthenope.it', '111207');

INSERT INTO EMAIL_TUTOR_AZIENDALE(MAIL_TUTOR_AZIENDALE, TESSERINO_TUTOR_AZIENDA) VALUES
('santo.bosco@uniparthenope.it', '111208');

INSERT INTO EMAIL_TUTOR_AZIENDALE(MAIL_TUTOR_AZIENDALE, TESSERINO_TUTOR_AZIENDA) VALUES
('dario.monti@uniparthenope.it', '111209');

INSERT INTO EMAIL_TUTOR_AZIENDALE(MAIL_TUTOR_AZIENDALE, TESSERINO_TUTOR_AZIENDA) VALUES
('marialuisa.bosco@uniparthenope.it', '111210');

INSERT INTO EMAIL_TUTOR_AZIENDALE(MAIL_TUTOR_AZIENDALE, TESSERINO_TUTOR_AZIENDA) VALUES
('gianni.coda@uniparthenope.it', '111211');

INSERT INTO EMAIL_TUTOR_AZIENDALE(MAIL_TUTOR_AZIENDALE, TESSERINO_TUTOR_AZIENDA) VALUES
('salvatore.trotta@uniparthenope.it', '111212');

INSERT INTO EMAIL_TUTOR_AZIENDALE(MAIL_TUTOR_AZIENDALE, TESSERINO_TUTOR_AZIENDA) VALUES
('giusy.marino@uniparthenope.it', '111213');

INSERT INTO EMAIL_TUTOR_AZIENDALE(MAIL_TUTOR_AZIENDALE, TESSERINO_TUTOR_AZIENDA) VALUES
('giovanna.sottile@uniparthenope.it', '111214');

INSERT INTO EMAIL_TUTOR_AZIENDALE(MAIL_TUTOR_AZIENDALE, TESSERINO_TUTOR_AZIENDA) VALUES
('santa.falchi@uniparthenope.it', '111215');


-- seminario
INSERT INTO SEMINARIO(DATA_SEMINARIO, TESSERINO_DOCENTE, NOME, CFU, MAX_PERSONE)
VALUES (TO_DATE('30/09/2019', 'DD/MM/YYYY'), '111120', 'CODING THEORY', 1, 200);

INSERT INTO SEMINARIO(DATA_SEMINARIO, TESSERINO_DOCENTE, NOME, CFU, MAX_PERSONE)
VALUES (TO_DATE('15/10/2019', 'DD/MM/YYYY'), '111113', 'PROJECT MANAGMENT', 2, 100);

INSERT INTO SEMINARIO(DATA_SEMINARIO, TESSERINO_DOCENTE, NOME, CFU, MAX_PERSONE)
VALUES (TO_DATE('18/10/2019','DD/MM/YYYY'), '111119', 'TECHSTARS', 3, 100);

INSERT INTO SEMINARIO(DATA_SEMINARIO, TESSERINO_DOCENTE, NOME, CFU, MAX_PERSONE)
VALUES (TO_DATE('10/11/2019','DD/MM/YYYY'), '111111', 'BUSINESS VALUE', 2, 100);

INSERT INTO SEMINARIO(DATA_SEMINARIO, TESSERINO_DOCENTE, NOME, CFU, MAX_PERSONE)
VALUES (TO_DATE('30/11/2019', 'DD/MM/YYYY'), '111117', 'ELIS', 3, 500);

INSERT INTO SEMINARIO(DATA_SEMINARIO, TESSERINO_DOCENTE, NOME, CFU, MAX_PERSONE)
VALUES (TO_DATE('01/12/2019', 'DD/MM/YYYY'), '111115', 'PRODUCT PROBLEMS', 2, 100);

INSERT INTO SEMINARIO(DATA_SEMINARIO, TESSERINO_DOCENTE, NOME, CFU, MAX_PERSONE)
VALUES (TO_DATE('07/12/2019','DD/MM/YYYY'), '111124', 'DESIGN ANALYSIS', 2, 100);

INSERT INTO SEMINARIO(DATA_SEMINARIO, TESSERINO_DOCENTE, NOME, CFU, MAX_PERSONE)
VALUES (TO_DATE('21/02/2020', 'DD/MM/YYYY'), '111114', 'SOCIAL CORPORATE', 3, 200);

INSERT INTO SEMINARIO(DATA_SEMINARIO, TESSERINO_DOCENTE, NOME, CFU, MAX_PERSONE)
VALUES (TO_DATE('16/03/2020', 'DD/MM/YYYY'), '111116', 'JOB PLACEMENT', 1, 200);

INSERT INTO SEMINARIO(DATA_SEMINARIO, TESSERINO_DOCENTE, NOME, CFU, MAX_PERSONE) 
VALUES (TO_DATE('21/03/2020','DD/MM/YYYY'), '111122', 'CRIPTOGRAPHY', 1, 100);

INSERT INTO SEMINARIO(DATA_SEMINARIO, TESSERINO_DOCENTE, NOME, CFU, MAX_PERSONE) 
VALUES (TO_DATE('02/04/2020','DD/MM/YYYY'), '111121', 'TRY THE FUTURE', 1, 100);

INSERT INTO SEMINARIO(DATA_SEMINARIO, TESSERINO_DOCENTE, NOME, CFU, MAX_PERSONE)
VALUES(TO_DATE('21/04/2020', 'DD/MM/YYYY'), '111111', 'GOVERNANCE', 2, 100);

INSERT INTO SEMINARIO(DATA_SEMINARIO, TESSERINO_DOCENTE, NOME, CFU, MAX_PERSONE)
VALUES(TO_DATE('03/05/2020', 'DD/MM/YYYY'), '111112', 'JOB TAESERUM', 3, 200);

INSERT INTO SEMINARIO(DATA_SEMINARIO, TESSERINO_DOCENTE, NOME, CFU, MAX_PERSONE)
VALUES (TO_DATE('05/06/2020', 'DD/MM/YYYY'), '111118', 'DIRITTI WEB', 2, 100);

INSERT INTO SEMINARIO(DATA_SEMINARIO, TESSERINO_DOCENTE, NOME, CFU, MAX_PERSONE)
VALUES (TO_DATE('15/06/2020', 'DD/MM/YYYY'), '111123', 'ETICA CONTROLLO', 1, 100);


-- partecipa seminario
INSERT INTO PARTECIPA_SEMINARIO(DATA_SEMINARIO, TESSERINO_DOCENTE, MATRICOLA_STUDENTE)
VALUES (TO_DATE('30/09/2019', 'DD/MM/YYYY'), '111120', '111150');

INSERT INTO PARTECIPA_SEMINARIO(DATA_SEMINARIO, TESSERINO_DOCENTE, MATRICOLA_STUDENTE)
VALUES (TO_DATE('30/09/2019', 'DD/MM/YYYY'), '111120', '111152');

INSERT INTO PARTECIPA_SEMINARIO(DATA_SEMINARIO, TESSERINO_DOCENTE, MATRICOLA_STUDENTE)
VALUES (TO_DATE('30/09/2019', 'DD/MM/YYYY'), '111120', '111161');

INSERT INTO PARTECIPA_SEMINARIO(DATA_SEMINARIO, TESSERINO_DOCENTE, MATRICOLA_STUDENTE)
VALUES (TO_DATE('15/10/2019', 'DD/MM/YYYY'), '111113', '111150');

INSERT INTO PARTECIPA_SEMINARIO(DATA_SEMINARIO, TESSERINO_DOCENTE, MATRICOLA_STUDENTE)
VALUES (TO_DATE('15/10/2019', 'DD/MM/YYYY'), '111113', '111153');

INSERT INTO PARTECIPA_SEMINARIO(DATA_SEMINARIO, TESSERINO_DOCENTE, MATRICOLA_STUDENTE)
VALUES (TO_DATE('18/10/2019', 'DD/MM/YYYY'), '111119', '111153');

INSERT INTO PARTECIPA_SEMINARIO(DATA_SEMINARIO, TESSERINO_DOCENTE, MATRICOLA_STUDENTE)
VALUES (TO_DATE('18/10/2019', 'DD/MM/YYYY'), '111119', '111164');

INSERT INTO PARTECIPA_SEMINARIO(DATA_SEMINARIO, TESSERINO_DOCENTE, MATRICOLA_STUDENTE)
VALUES (TO_DATE('18/10/2019', 'DD/MM/YYYY'), '111119', '111160');

INSERT INTO PARTECIPA_SEMINARIO(DATA_SEMINARIO, TESSERINO_DOCENTE, MATRICOLA_STUDENTE)
VALUES (TO_DATE('18/10/2019', 'DD/MM/YYYY'), '111119', '111159');

INSERT INTO PARTECIPA_SEMINARIO(DATA_SEMINARIO, TESSERINO_DOCENTE, MATRICOLA_STUDENTE)
VALUES (TO_DATE('30/11/2019', 'DD/MM/YYYY'), '111117', '111159');

INSERT INTO PARTECIPA_SEMINARIO(DATA_SEMINARIO, TESSERINO_DOCENTE, MATRICOLA_STUDENTE)
VALUES (TO_DATE('30/11/2019', 'DD/MM/YYYY'), '111117', '111160');

INSERT INTO PARTECIPA_SEMINARIO(DATA_SEMINARIO, TESSERINO_DOCENTE, MATRICOLA_STUDENTE)
VALUES (TO_DATE('30/11/2019', 'DD/MM/YYYY'), '111117', '111161');

INSERT INTO PARTECIPA_SEMINARIO(DATA_SEMINARIO, TESSERINO_DOCENTE, MATRICOLA_STUDENTE)
VALUES (TO_DATE('01/12/2019', 'DD/MM/YYYY'), '111115', '111162');

INSERT INTO PARTECIPA_SEMINARIO(DATA_SEMINARIO, TESSERINO_DOCENTE, MATRICOLA_STUDENTE)
VALUES (TO_DATE('01/12/2019', 'DD/MM/YYYY'), '111115', '111163');

INSERT INTO PARTECIPA_SEMINARIO(DATA_SEMINARIO, TESSERINO_DOCENTE, MATRICOLA_STUDENTE)
VALUES (TO_DATE('01/12/2019', 'DD/MM/YYYY'), '111115', '111164');

INSERT INTO PARTECIPA_SEMINARIO(DATA_SEMINARIO, TESSERINO_DOCENTE, MATRICOLA_STUDENTE)
VALUES (TO_DATE('01/12/2019', 'DD/MM/YYYY'), '111115', '111159');


-- tassa
INSERT INTO TASSA(NUMERO_FATTURA, SCADENZA, IMPORTO, MATRICOLA_STUDENTE, DATA_PAGAMENTO, MORA, IUV, TIPO) 
VALUES ('555555555555535', TO_DATE('25/09/2019', 'DD/MM/YYYY'), 16, '111150', TO_DATE('20/09/2019', 'DD/MM/YYYY'), 0, '555555555555555555555535', 'ISCRIZIONE'); 

INSERT INTO TASSA(NUMERO_FATTURA, SCADENZA, IMPORTO, MATRICOLA_STUDENTE, DATA_PAGAMENTO, MORA, IUV, TIPO) 
VALUES ('555555555555536', TO_DATE('25/09/2019', 'DD/MM/YYYY'), 16, '111151', TO_DATE('20/09/2019', 'DD/MM/YYYY'), 0, '555555555555555555555536', 'ISCRIZIONE');

INSERT INTO TASSA(NUMERO_FATTURA, SCADENZA, IMPORTO, MATRICOLA_STUDENTE, DATA_PAGAMENTO, MORA, IUV, TIPO) 
VALUES ('555555555555537', TO_DATE('25/09/2019', 'DD/MM/YYYY'), 16, '111152', TO_DATE('20/09/2019', 'DD/MM/YYYY'), 0, '555555555555555555555537', 'ISCRIZIONE');

INSERT INTO TASSA(NUMERO_FATTURA, SCADENZA, IMPORTO, MATRICOLA_STUDENTE, DATA_PAGAMENTO, MORA, IUV, TIPO) 
VALUES ('555555555555538', TO_DATE('25/09/2019', 'DD/MM/YYYY'), 16, '111153', TO_DATE('20/09/2019', 'DD/MM/YYYY'), 0, '555555555555555555555538', 'ISCRIZIONE');

INSERT INTO TASSA(NUMERO_FATTURA, SCADENZA, IMPORTO, MATRICOLA_STUDENTE, DATA_PAGAMENTO, MORA, IUV, TIPO) 
VALUES ('555555555555539', TO_DATE('25/09/2019', 'DD/MM/YYYY'), 16, '111154', TO_DATE('20/09/2019', 'DD/MM/YYYY'), 0, '555555555555555555555539', 'ISCRIZIONE');

INSERT INTO TASSA(NUMERO_FATTURA, SCADENZA, IMPORTO, MATRICOLA_STUDENTE, DATA_PAGAMENTO, MORA, IUV, TIPO) 
VALUES ('555555555555540', TO_DATE('25/09/2019', 'DD/MM/YYYY'), 16, '111155', TO_DATE('20/09/2019', 'DD/MM/YYYY'), 0, '555555555555555555555540', 'ISCRIZIONE');

INSERT INTO TASSA(NUMERO_FATTURA, SCADENZA, IMPORTO, MATRICOLA_STUDENTE, DATA_PAGAMENTO, MORA, IUV, TIPO) 
VALUES ('555555555555541', TO_DATE('25/09/2019', 'DD/MM/YYYY'), 16, '111156', TO_DATE('20/09/2019', 'DD/MM/YYYY'), 0, '555555555555555555555541', 'ISCRIZIONE');

INSERT INTO TASSA(NUMERO_FATTURA, SCADENZA, IMPORTO, MATRICOLA_STUDENTE, DATA_PAGAMENTO, MORA, IUV, TIPO) 
VALUES ('555555555555542', TO_DATE('25/09/2019', 'DD/MM/YYYY'), 16, '111157', TO_DATE('20/09/2019', 'DD/MM/YYYY'), 0, '555555555555555555555542', 'ISCRIZIONE'); 
 
INSERT INTO TASSA(NUMERO_FATTURA, SCADENZA, IMPORTO, MATRICOLA_STUDENTE, DATA_PAGAMENTO, MORA, IUV, TIPO) 
VALUES ('555555555555543', TO_DATE('25/09/2019', 'DD/MM/YYYY'), 16, '111159', TO_DATE('21/09/2019', 'DD/MM/YYYY'), 0, '555555555555555555555543', 'ISCRIZIONE');

INSERT INTO TASSA(NUMERO_FATTURA, SCADENZA, IMPORTO, MATRICOLA_STUDENTE, DATA_PAGAMENTO, MORA, IUV, TIPO) 
VALUES ('555555555555544', TO_DATE('25/09/2019', 'DD/MM/YYYY'), 16, '111160', TO_DATE('21/09/2019', 'DD/MM/YYYY'), 0, '555555555555555555555544', 'ISCRIZIONE');

INSERT INTO TASSA(NUMERO_FATTURA, SCADENZA, IMPORTO, MATRICOLA_STUDENTE, DATA_PAGAMENTO, MORA, IUV, TIPO) 
VALUES ('555555555555545', TO_DATE('25/09/2019', 'DD/MM/YYYY'), 16, '111161', TO_DATE('22/09/2019', 'DD/MM/YYYY'), 0, '555555555555555555555545', 'ISCRIZIONE');

INSERT INTO TASSA(NUMERO_FATTURA, SCADENZA, IMPORTO, MATRICOLA_STUDENTE, DATA_PAGAMENTO, MORA, IUV, TIPO) 
VALUES ('555555555555546', TO_DATE('25/09/2019', 'DD/MM/YYYY'), 16, '111162', TO_DATE('23/09/2019', 'DD/MM/YYYY'), 0, '555555555555555555555546', 'ISCRIZIONE');

INSERT INTO TASSA(NUMERO_FATTURA, SCADENZA, IMPORTO, MATRICOLA_STUDENTE, DATA_PAGAMENTO, MORA, IUV, TIPO) 
VALUES ('555555555555547', TO_DATE('25/09/2019', 'DD/MM/YYYY'), 16, '111163', TO_DATE('24/09/2019', 'DD/MM/YYYY'), 0, '555555555555555555555547', 'ISCRIZIONE');

INSERT INTO TASSA(NUMERO_FATTURA, SCADENZA, IMPORTO, MATRICOLA_STUDENTE, DATA_PAGAMENTO, MORA, IUV, TIPO) 
VALUES ('555555555555548', TO_DATE('25/09/2019', 'DD/MM/YYYY'), 16, '111164', TO_DATE('24/09/2019', 'DD/MM/YYYY'), 0, '555555555555555555555548', 'ISCRIZIONE'); 

INSERT INTO TASSA(NUMERO_FATTURA, SCADENZA, IMPORTO, MATRICOLA_STUDENTE, DATA_PAGAMENTO, MORA, IUV, TIPO) 
VALUES ('555555555555549', TO_DATE('25/09/2019', 'DD/MM/YYYY'), 16, '111165', TO_DATE('24/09/2019', 'DD/MM/YYYY'), 0, '555555555555555555555549', 'ISCRIZIONE');

INSERT INTO TASSA(NUMERO_FATTURA, SCADENZA, IMPORTO, MATRICOLA_STUDENTE, DATA_PAGAMENTO, MORA, IUV, TIPO) 
VALUES ('555555555555550', TO_DATE('25/09/2019', 'DD/MM/YYYY'), 16, '111166', TO_DATE('24/09/2019', 'DD/MM/YYYY'), 0, '555555555555555555555550', 'ISCRIZIONE');

INSERT INTO TASSA(NUMERO_FATTURA, SCADENZA, IMPORTO, MATRICOLA_STUDENTE, DATA_PAGAMENTO, MORA, IUV, TIPO) 
VALUES ('555555555555551', TO_DATE('25/09/2019', 'DD/MM/YYYY'), 16, '111167', TO_DATE('24/09/2019', 'DD/MM/YYYY'), 0, '555555555555555555555551', 'ISCRIZIONE');

INSERT INTO TASSA(NUMERO_FATTURA, SCADENZA, IMPORTO, MATRICOLA_STUDENTE, DATA_PAGAMENTO, MORA, IUV, TIPO) 
VALUES ('555555555555552', TO_DATE('25/09/2019', 'DD/MM/YYYY'), 16, '111168', TO_DATE('24/09/2019', 'DD/MM/YYYY'), 0, '555555555555555555555552', 'ISCRIZIONE');

INSERT INTO TASSA(NUMERO_FATTURA, SCADENZA, IMPORTO, MATRICOLA_STUDENTE, DATA_PAGAMENTO, MORA, IUV, TIPO) 
VALUES ('555555555555553', TO_DATE('25/09/2019', 'DD/MM/YYYY'), 16, '111169', TO_DATE('24/09/2019', 'DD/MM/YYYY'), 0, '555555555555555555555553', 'ISCRIZIONE');

INSERT INTO TASSA(NUMERO_FATTURA, SCADENZA, IMPORTO, MATRICOLA_STUDENTE, DATA_PAGAMENTO, MORA, IUV, TIPO) 
VALUES ('555555555555554', TO_DATE('25/09/2019', 'DD/MM/YYYY'), 16, '111170', TO_DATE('24/09/2019', 'DD/MM/YYYY'), 0, '555555555555555555555554', 'ISCRIZIONE');

INSERT INTO TASSA(NUMERO_FATTURA, SCADENZA, IMPORTO, MATRICOLA_STUDENTE, DATA_PAGAMENTO, MORA, IUV, TIPO) 
VALUES ('555555555555555', TO_DATE('25/09/2019', 'DD/MM/YYYY'), 16, '111171', TO_DATE('24/09/2019', 'DD/MM/YYYY'), 0, '555555555555555555555555', 'ISCRIZIONE');

INSERT INTO TASSA(NUMERO_FATTURA, SCADENZA, IMPORTO, MATRICOLA_STUDENTE, DATA_PAGAMENTO, MORA, IUV, TIPO) 
VALUES ('555555555555556', TO_DATE('25/09/2019', 'DD/MM/YYYY'), 16, '111172', TO_DATE('24/09/2019', 'DD/MM/YYYY'), 0, '555555555555555555555556', 'ISCRIZIONE');

INSERT INTO TASSA(NUMERO_FATTURA, SCADENZA, IMPORTO, MATRICOLA_STUDENTE, DATA_PAGAMENTO, MORA, IUV, TIPO) 
VALUES ('555555555555557', TO_DATE('25/09/2019', 'DD/MM/YYYY'), 16, '111173', TO_DATE('24/09/2019', 'DD/MM/YYYY'), 0, '555555555555555555555557', 'ISCRIZIONE');

INSERT INTO TASSA(NUMERO_FATTURA, SCADENZA, IMPORTO, MATRICOLA_STUDENTE, DATA_PAGAMENTO, MORA, IUV, TIPO) 
VALUES ('555555555555558', TO_DATE('10/10/2019', 'DD/MM/YYYY'), 331, '111150', TO_DATE('25/09/2019', 'DD/MM/YYYY'), 0, '555555555555555555555558', 'PRIMA RATA'); 

INSERT INTO TASSA(NUMERO_FATTURA, SCADENZA, IMPORTO, MATRICOLA_STUDENTE, DATA_PAGAMENTO, MORA, IUV, TIPO) 
VALUES ('555555555555559', TO_DATE('10/10/2019', 'DD/MM/YYYY'), 331, '111151', TO_DATE('26/09/2019', 'DD/MM/YYYY'), 0, '555555555555555555555559', 'PRIMA RATA');

INSERT INTO TASSA(NUMERO_FATTURA, SCADENZA, IMPORTO, MATRICOLA_STUDENTE, DATA_PAGAMENTO, MORA, IUV, TIPO) 
VALUES ('555555555555560', TO_DATE('10/10/2019', 'DD/MM/YYYY'), 331, '111152', TO_DATE('27/09/2019', 'DD/MM/YYYY'), 0, '555555555555555555555560', 'PRIMA RATA'); 

INSERT INTO TASSA(NUMERO_FATTURA, SCADENZA, IMPORTO, MATRICOLA_STUDENTE, DATA_PAGAMENTO, MORA, IUV, TIPO) 
VALUES ('555555555555561', TO_DATE('10/10/2019', 'DD/MM/YYYY'), 331, '111153', TO_DATE('28/09/2019', 'DD/MM/YYYY'), 0, '555555555555555555555561', 'PRIMA RATA'); 

INSERT INTO TASSA(NUMERO_FATTURA, SCADENZA, IMPORTO, MATRICOLA_STUDENTE, DATA_PAGAMENTO, MORA, IUV, TIPO) 
VALUES ('555555555555562', TO_DATE('10/10/2019', 'DD/MM/YYYY'), 331, '111154', TO_DATE('30/09/2019', 'DD/MM/YYYY'), 0, '555555555555555555555562', 'PRIMA RATA'); 

INSERT INTO TASSA(NUMERO_FATTURA, SCADENZA, IMPORTO, MATRICOLA_STUDENTE, DATA_PAGAMENTO, MORA, IUV, TIPO) 
VALUES ('555555555555563', TO_DATE('10/10/2019', 'DD/MM/YYYY'), 331, '111155', TO_DATE('30/09/2019', 'DD/MM/YYYY'), 0, '555555555555555555555563', 'PRIMA RATA'); 

INSERT INTO TASSA(NUMERO_FATTURA, SCADENZA, IMPORTO, MATRICOLA_STUDENTE, DATA_PAGAMENTO, MORA, IUV, TIPO) 
VALUES ('555555555555564', TO_DATE('10/10/2019', 'DD/MM/YYYY'), 331, '111156', TO_DATE('02/10/2019', 'DD/MM/YYYY'), 0, '555555555555555555555564', 'PRIMA RATA'); 

INSERT INTO TASSA(NUMERO_FATTURA, SCADENZA, IMPORTO, MATRICOLA_STUDENTE, DATA_PAGAMENTO, MORA, IUV, TIPO) 
VALUES ('555555555555565', TO_DATE('10/10/2019', 'DD/MM/YYYY'), 331, '111157', TO_DATE('03/10/2019', 'DD/MM/YYYY'), 0, '555555555555555555555565', 'PRIMA RATA'); 

INSERT INTO TASSA(NUMERO_FATTURA, SCADENZA, IMPORTO, MATRICOLA_STUDENTE, DATA_PAGAMENTO, MORA, IUV, TIPO) 
VALUES ('555555555555566', TO_DATE('10/10/2019', 'DD/MM/YYYY'), 331, '111159', TO_DATE('05/10/2019', 'DD/MM/YYYY'), 0, '555555555555555555555566', 'PRIMA RATA'); 

INSERT INTO TASSA(NUMERO_FATTURA, SCADENZA, IMPORTO, MATRICOLA_STUDENTE, DATA_PAGAMENTO, MORA, IUV, TIPO) 
VALUES ('555555555555567', TO_DATE('10/10/2019', 'DD/MM/YYYY'), 331, '111160', TO_DATE('06/10/2019', 'DD/MM/YYYY'), 0, '555555555555555555555567', 'PRIMA RATA'); 

INSERT INTO TASSA(NUMERO_FATTURA, SCADENZA, IMPORTO, MATRICOLA_STUDENTE, DATA_PAGAMENTO, MORA, IUV, TIPO) 
VALUES ('555555555555568', TO_DATE('10/10/2019', 'DD/MM/YYYY'), 331, '111161', TO_DATE('07/10/2019', 'DD/MM/YYYY'), 0, '555555555555555555555568', 'PRIMA RATA'); 

INSERT INTO TASSA(NUMERO_FATTURA, SCADENZA, IMPORTO, MATRICOLA_STUDENTE, DATA_PAGAMENTO, MORA, IUV, TIPO) 
VALUES ('555555555555569', TO_DATE('10/10/2019', 'DD/MM/YYYY'), 331, '111162', TO_DATE('08/10/2019', 'DD/MM/YYYY'), 0, '555555555555555555555569', 'PRIMA RATA'); 

INSERT INTO TASSA(NUMERO_FATTURA, SCADENZA, IMPORTO, MATRICOLA_STUDENTE, DATA_PAGAMENTO, MORA, IUV, TIPO) 
VALUES ('555555555555570', TO_DATE('10/10/2019', 'DD/MM/YYYY'), 331, '111163', TO_DATE('08/10/2019', 'DD/MM/YYYY'), 0, '555555555555555555555570', 'PRIMA RATA'); 

INSERT INTO TASSA(NUMERO_FATTURA, SCADENZA, IMPORTO, MATRICOLA_STUDENTE, DATA_PAGAMENTO, MORA, IUV, TIPO) 
VALUES ('555555555555571', TO_DATE('10/10/2019', 'DD/MM/YYYY'), 331, '111164', TO_DATE('08/10/2019', 'DD/MM/YYYY'), 0, '555555555555555555555571', 'PRIMA RATA'); 

INSERT INTO TASSA(NUMERO_FATTURA, SCADENZA, IMPORTO, MATRICOLA_STUDENTE, DATA_PAGAMENTO, MORA, IUV, TIPO) 
VALUES ('555555555555572', TO_DATE('10/10/2019', 'DD/MM/YYYY'), 331, '111165', TO_DATE('08/10/2019', 'DD/MM/YYYY'), 0, '555555555555555555555572', 'PRIMA RATA');

INSERT INTO TASSA(NUMERO_FATTURA, SCADENZA, IMPORTO, MATRICOLA_STUDENTE, DATA_PAGAMENTO, MORA, IUV, TIPO) 
VALUES ('555555555555573', TO_DATE('10/10/2019', 'DD/MM/YYYY'), 331, '111166', TO_DATE('08/10/2019', 'DD/MM/YYYY'), 0, '555555555555555555555573', 'PRIMA RATA');

INSERT INTO TASSA(NUMERO_FATTURA, SCADENZA, IMPORTO, MATRICOLA_STUDENTE, DATA_PAGAMENTO, MORA, IUV, TIPO) 
VALUES ('555555555555574', TO_DATE('10/10/2019', 'DD/MM/YYYY'), 331, '111167', TO_DATE('08/10/2019', 'DD/MM/YYYY'), 0, '555555555555555555555574', 'PRIMA RATA');

INSERT INTO TASSA(NUMERO_FATTURA, SCADENZA, IMPORTO, MATRICOLA_STUDENTE, DATA_PAGAMENTO, MORA, IUV, TIPO) 
VALUES ('555555555555575', TO_DATE('10/10/2019', 'DD/MM/YYYY'), 331, '111168', TO_DATE('08/10/2019', 'DD/MM/YYYY'), 0, '555555555555555555555575', 'PRIMA RATA');

INSERT INTO TASSA(NUMERO_FATTURA, SCADENZA, IMPORTO, MATRICOLA_STUDENTE, DATA_PAGAMENTO, MORA, IUV, TIPO) 
VALUES ('555555555555576', TO_DATE('10/10/2019', 'DD/MM/YYYY'), 331, '111169', TO_DATE('08/10/2019', 'DD/MM/YYYY'), 0, '555555555555555555555576', 'PRIMA RATA');

INSERT INTO TASSA(NUMERO_FATTURA, SCADENZA, IMPORTO, MATRICOLA_STUDENTE, DATA_PAGAMENTO, MORA, IUV, TIPO) 
VALUES ('555555555555577', TO_DATE('10/10/2019', 'DD/MM/YYYY'), 331, '111170', TO_DATE('08/10/2019', 'DD/MM/YYYY'), 0, '555555555555555555555577', 'PRIMA RATA');

INSERT INTO TASSA(NUMERO_FATTURA, SCADENZA, IMPORTO, MATRICOLA_STUDENTE, DATA_PAGAMENTO, MORA, IUV, TIPO) 
VALUES ('555555555555578', TO_DATE('10/10/2019', 'DD/MM/YYYY'), 331, '111171', TO_DATE('08/10/2019', 'DD/MM/YYYY'), 0, '555555555555555555555578', 'PRIMA RATA');

INSERT INTO TASSA(NUMERO_FATTURA, SCADENZA, IMPORTO, MATRICOLA_STUDENTE, DATA_PAGAMENTO, MORA, IUV, TIPO) 
VALUES ('555555555555579', TO_DATE('10/10/2019', 'DD/MM/YYYY'), 331, '111172', TO_DATE('08/10/2019', 'DD/MM/YYYY'), 0, '555555555555555555555579', 'PRIMA RATA');

INSERT INTO TASSA(NUMERO_FATTURA, SCADENZA, IMPORTO, MATRICOLA_STUDENTE, DATA_PAGAMENTO, MORA, IUV, TIPO) 
VALUES ('555555555555580', TO_DATE('10/10/2019', 'DD/MM/YYYY'), 331, '111173', TO_DATE('08/10/2019', 'DD/MM/YYYY'), 0, '555555555555555555555580', 'PRIMA RATA');

INSERT INTO TASSA(NUMERO_FATTURA, SCADENZA, IMPORTO, MATRICOLA_STUDENTE, DATA_PAGAMENTO, MORA, IUV, TIPO) 
VALUES ('555555555555581', TO_DATE('18/12/2019', 'DD/MM/YYYY'), 331, '111150', TO_DATE('17/11/2019', 'DD/MM/YYYY'), 0, '555555555555555555555581', 'SECONDA RATA'); 

INSERT INTO TASSA(NUMERO_FATTURA, SCADENZA, IMPORTO, MATRICOLA_STUDENTE, DATA_PAGAMENTO, MORA, IUV, TIPO) 
VALUES ('555555555555582', TO_DATE('18/12/2019', 'DD/MM/YYYY'), 331, '111151', TO_DATE('20/11/2019', 'DD/MM/YYYY'), 0, '555555555555555555555582', 'SECONDA RATA'); 

INSERT INTO TASSA(NUMERO_FATTURA, SCADENZA, IMPORTO, MATRICOLA_STUDENTE, DATA_PAGAMENTO, MORA, IUV, TIPO) 
VALUES ('555555555555583', TO_DATE('18/12/2019', 'DD/MM/YYYY'), 331, '111152', TO_DATE('01/11/2019', 'DD/MM/YYYY'), 0, '555555555555555555555583', 'SECONDA RATA'); 

INSERT INTO TASSA(NUMERO_FATTURA, SCADENZA, IMPORTO, MATRICOLA_STUDENTE, DATA_PAGAMENTO, MORA, IUV, TIPO) 
VALUES ('555555555555584', TO_DATE('18/12/2019', 'DD/MM/YYYY'), 331, '111153', TO_DATE('02/11/2019', 'DD/MM/YYYY'), 0, '555555555555555555555584', 'SECONDA RATA');

INSERT INTO TASSA(NUMERO_FATTURA, SCADENZA, IMPORTO, MATRICOLA_STUDENTE, DATA_PAGAMENTO, MORA, IUV, TIPO) 
VALUES ('555555555555585', TO_DATE('18/12/2019', 'DD/MM/YYYY'), 331, '111154', TO_DATE('03/11/2019', 'DD/MM/YYYY'), 0, '555555555555555555555585', 'SECONDA RATA');

INSERT INTO TASSA(NUMERO_FATTURA, SCADENZA, IMPORTO, MATRICOLA_STUDENTE, DATA_PAGAMENTO, MORA, IUV, TIPO) 
VALUES ('555555555555586', TO_DATE('18/12/2019', 'DD/MM/YYYY'), 331, '111155', TO_DATE('04/11/2019', 'DD/MM/YYYY'), 0, '555555555555555555555586', 'SECONDA RATA'); 

INSERT INTO TASSA(NUMERO_FATTURA, SCADENZA, IMPORTO, MATRICOLA_STUDENTE, DATA_PAGAMENTO, MORA, IUV, TIPO) 
VALUES ('555555555555587', TO_DATE('18/12/2019', 'DD/MM/YYYY'), 331, '111156', TO_DATE('05/11/2019', 'DD/MM/YYYY'), 0, '555555555555555555555587', 'SECONDA RATA');

INSERT INTO TASSA(NUMERO_FATTURA, SCADENZA, IMPORTO, MATRICOLA_STUDENTE, DATA_PAGAMENTO, MORA, IUV, TIPO) 
VALUES ('555555555555588', TO_DATE('18/12/2019', 'DD/MM/YYYY'), 331, '111157', TO_DATE('06/11/2019', 'DD/MM/YYYY'), 0, '555555555555555555555588', 'SECONDA RATA');

INSERT INTO TASSA(NUMERO_FATTURA, SCADENZA, IMPORTO, MATRICOLA_STUDENTE, DATA_PAGAMENTO, MORA, IUV, TIPO) 
VALUES ('555555555555589', TO_DATE('18/12/2019', 'DD/MM/YYYY'), 331, '111159', TO_DATE('08/11/2019', 'DD/MM/YYYY'), 0, '555555555555555555555589', 'SECONDA RATA');

INSERT INTO TASSA(NUMERO_FATTURA, SCADENZA, IMPORTO, MATRICOLA_STUDENTE, DATA_PAGAMENTO, MORA, IUV, TIPO) 
VALUES ('555555555555590', TO_DATE('18/12/2019', 'DD/MM/YYYY'), 331, '111160', TO_DATE('09/11/2019', 'DD/MM/YYYY'), 0, '555555555555555555555590', 'SECONDA RATA');

INSERT INTO TASSA(NUMERO_FATTURA, SCADENZA, IMPORTO, MATRICOLA_STUDENTE, DATA_PAGAMENTO, MORA, IUV, TIPO) 
VALUES ('555555555555591', TO_DATE('18/12/2019', 'DD/MM/YYYY'), 331, '111161', TO_DATE('10/11/2019', 'DD/MM/YYYY'), 0, '555555555555555555555591', 'SECONDA RATA');

INSERT INTO TASSA(NUMERO_FATTURA, SCADENZA, IMPORTO, MATRICOLA_STUDENTE, DATA_PAGAMENTO, MORA, IUV, TIPO) 
VALUES ('555555555555592', TO_DATE('18/12/2019' , 'DD/MM/YYYY'), 331, '111162', TO_DATE('19/12/2019', 'DD/MM/YYYY'), 10, '555555555555555555555592', 'SECONDA RATA'); 

INSERT INTO TASSA(NUMERO_FATTURA, SCADENZA, IMPORTO, MATRICOLA_STUDENTE, DATA_PAGAMENTO, MORA, IUV, TIPO) 
VALUES ('555555555555593', TO_DATE('18/12/2019', 'DD/MM/YYYY'), 331, '111163', TO_DATE('20/12/2019', 'DD/MM/YYYY'), 10, '555555555555555555555593', 'SECONDA RATA');

INSERT INTO TASSA(NUMERO_FATTURA, SCADENZA, IMPORTO, MATRICOLA_STUDENTE, DATA_PAGAMENTO, MORA, IUV, TIPO) 
VALUES ('555555555555594', TO_DATE('18/12/2019', 'DD/MM/YYYY'), 331, '111164', TO_DATE('29/12/2019', 'DD/MM/YYYY'), 20, '555555555555555555555594', 'SECONDA RATA');

INSERT INTO TASSA(NUMERO_FATTURA, SCADENZA, IMPORTO, MATRICOLA_STUDENTE, DATA_PAGAMENTO, MORA, IUV, TIPO) 
VALUES ('555555555555595', TO_DATE('10/10/2019', 'DD/MM/YYYY'), 331, '111165', TO_DATE('10/11/2019', 'DD/MM/YYYY'), 0, '555555555555555555555595', 'SECONDA RATA');

INSERT INTO TASSA(NUMERO_FATTURA, SCADENZA, IMPORTO, MATRICOLA_STUDENTE, DATA_PAGAMENTO, MORA, IUV, TIPO) 
VALUES ('555555555555596', TO_DATE('18/12/2019', 'DD/MM/YYYY'), 331, '111166', TO_DATE('10/11/2019', 'DD/MM/YYYY'), 0, '555555555555555555555596', 'SECONDA RATA');

INSERT INTO TASSA(NUMERO_FATTURA, SCADENZA, IMPORTO, MATRICOLA_STUDENTE, DATA_PAGAMENTO, MORA, IUV, TIPO) 
VALUES ('555555555555597', TO_DATE('18/12/2019', 'DD/MM/YYYY'), 331, '111167', TO_DATE('10/11/2019', 'DD/MM/YYYY'), 0, '555555555555555555555597', 'SECONDA RATA');

INSERT INTO TASSA(NUMERO_FATTURA, SCADENZA, IMPORTO, MATRICOLA_STUDENTE, DATA_PAGAMENTO, MORA, IUV, TIPO) 
VALUES ('555555555555598', TO_DATE('18/12/2019', 'DD/MM/YYYY'), 331, '111168', TO_DATE('10/11/2019', 'DD/MM/YYYY'), 0, '555555555555555555555598', 'SECONDA RATA');

INSERT INTO TASSA(NUMERO_FATTURA, SCADENZA, IMPORTO, MATRICOLA_STUDENTE, DATA_PAGAMENTO, MORA, IUV, TIPO) 
VALUES ('555555555555599', TO_DATE('18/12/2019', 'DD/MM/YYYY'), 331, '111169', TO_DATE('10/11/2019', 'DD/MM/YYYY'), 0, '555555555555555555555599', 'SECONDA RATA');

INSERT INTO TASSA(NUMERO_FATTURA, SCADENZA, IMPORTO, MATRICOLA_STUDENTE, DATA_PAGAMENTO, MORA, IUV, TIPO) 
VALUES ('555555555555600', TO_DATE('18/12/2019', 'DD/MM/YYYY'), 331, '111170', TO_DATE('08/10/2019', 'DD/MM/YYYY'), 0, '555555555555555555555600', 'SECONDA RATA');

INSERT INTO TASSA(NUMERO_FATTURA, SCADENZA, IMPORTO, MATRICOLA_STUDENTE, DATA_PAGAMENTO, MORA, IUV, TIPO) 
VALUES ('555555555555601', TO_DATE('18/12/2019', 'DD/MM/YYYY'), 331, '111171', TO_DATE('10/11/2019', 'DD/MM/YYYY'), 0, '555555555555555555555601', 'SECONDA RATA');

INSERT INTO TASSA(NUMERO_FATTURA, SCADENZA, IMPORTO, MATRICOLA_STUDENTE, DATA_PAGAMENTO, MORA, IUV, TIPO) 
VALUES ('555555555555602', TO_DATE('18/12/2019', 'DD/MM/YYYY'), 331, '111172', TO_DATE('10/11/2019', 'DD/MM/YYYY'), 0, '555555555555555555555602', 'SECONDA RATA');

INSERT INTO TASSA(NUMERO_FATTURA, SCADENZA, IMPORTO, MATRICOLA_STUDENTE, DATA_PAGAMENTO, MORA, IUV, TIPO) 
VALUES ('555555555555603', TO_DATE('18/12/2019', 'DD/MM/YYYY'), 331, '111173', TO_DATE('10/11/2019', 'DD/MM/YYYY'), 0, '555555555555555555555603', 'SECONDA RATA');


-- ricevimento
INSERT INTO RICEVIMENTO(DATA_RICEVIMENTO, TESSERINO_DOCENTE, DURATA)
VALUES (TO_DATE('01/12/2019 15:00:00', 'DD/MM/YYYY HH24:MI:SS'), '111111', 120);

INSERT INTO RICEVIMENTO(DATA_RICEVIMENTO, TESSERINO_DOCENTE, DURATA)
VALUES (TO_DATE('01/12/2019 17:00:00', 'DD/MM/YYYY HH24:MI:SS'), '111111', 60);

INSERT INTO RICEVIMENTO(DATA_RICEVIMENTO, TESSERINO_DOCENTE, DURATA)
VALUES (TO_DATE('01/12/2019 18:00:00', 'DD/MM/YYYY HH24:MI:SS'), '111111', 90);

INSERT INTO RICEVIMENTO(DATA_RICEVIMENTO, TESSERINO_DOCENTE, DURATA)
VALUES (TO_DATE('08/12/2019 14:30:00', 'DD/MM/YYYY HH24:MI:SS'), '111112', 90);

INSERT INTO RICEVIMENTO(DATA_RICEVIMENTO, TESSERINO_DOCENTE, DURATA)
VALUES (TO_DATE('08/12/2019 16:00:00', 'DD/MM/YYYY HH24:MI:SS'), '111112', 60);

INSERT INTO RICEVIMENTO(DATA_RICEVIMENTO, TESSERINO_DOCENTE, DURATA)
VALUES (TO_DATE('08/12/2019 17:00:00', 'DD/MM/YYYY HH24:MI:SS'), '111112', 90);

INSERT INTO RICEVIMENTO(DATA_RICEVIMENTO, TESSERINO_DOCENTE, DURATA)
VALUES (TO_DATE('12/12/2019 15:00:00', 'DD/MM/YYYY HH24:MI:SS'), '111113', 120);

INSERT INTO RICEVIMENTO(DATA_RICEVIMENTO, TESSERINO_DOCENTE, DURATA)
VALUES (TO_DATE('12/12/2019 17:00:00', 'DD/MM/YYYY HH24:MI:SS'), '111113', 30);

INSERT INTO RICEVIMENTO(DATA_RICEVIMENTO, TESSERINO_DOCENTE, DURATA)
VALUES (TO_DATE('12/12/2019 17:30:00', 'DD/MM/YYYY HH24:MI:SS'), '111113', 90);

INSERT INTO RICEVIMENTO(DATA_RICEVIMENTO, TESSERINO_DOCENTE, DURATA)
VALUES (TO_DATE('14/12/2019 15:30:00', 'DD/MM/YYYY HH24:MI:SS'), '111114', 90);

INSERT INTO RICEVIMENTO(DATA_RICEVIMENTO, TESSERINO_DOCENTE, DURATA)
VALUES (TO_DATE('14/12/2019 17:00:00', 'DD/MM/YYYY HH24:MI:SS'), '111114', 120);

INSERT INTO RICEVIMENTO(DATA_RICEVIMENTO, TESSERINO_DOCENTE, DURATA)
VALUES (TO_DATE('14/12/2019 19:00:00', 'DD/MM/YYYY HH24:MI:SS'), '111114', 30);

INSERT INTO RICEVIMENTO(DATA_RICEVIMENTO, TESSERINO_DOCENTE, DURATA)
VALUES (TO_DATE('19/12/2019 14:00:00', 'DD/MM/YYYY HH24:MI:SS'), '111115', 120);

INSERT INTO RICEVIMENTO(DATA_RICEVIMENTO, TESSERINO_DOCENTE, DURATA)
VALUES (TO_DATE('19/12/2019 16:00:00', 'DD/MM/YYYY HH24:MI:SS'), '111115', 90);

INSERT INTO RICEVIMENTO(DATA_RICEVIMENTO, TESSERINO_DOCENTE, DURATA)
VALUES (TO_DATE('19/12/2019 17:30:00', 'DD/MM/YYYY HH24:MI:SS'), '111115', 90);


-- prenotazione ricevimento
INSERT INTO PRENOTAZIONE_RICEVIMENTO(NUMERO_PRENOTAZIONE, DATA_RICEVIMENTO, TESSERINO_DOCENTE, MATRICOLA_STUDENTE, DATA_PRENOTAZIONE)
VALUES ('000000000000001', TO_DATE('01/12/2019 15:00:00', 'DD/MM/YYYY HH24:MI:SS'),'111111', '111150', TO_DATE('01/12/2019 09:00:00', 'DD/MM/YYYY HH24:MI:SS'));

INSERT INTO PRENOTAZIONE_RICEVIMENTO(NUMERO_PRENOTAZIONE, DATA_RICEVIMENTO, TESSERINO_DOCENTE, MATRICOLA_STUDENTE, DATA_PRENOTAZIONE)
VALUES ('000000000000002', TO_DATE('01/12/2019 17:00:00', 'DD/MM/YYYY HH24:MI:SS'),'111111', '111151', TO_DATE('01/12/2019 10:00:00', 'DD/MM/YYYY HH24:MI:SS'));

INSERT INTO PRENOTAZIONE_RICEVIMENTO(NUMERO_PRENOTAZIONE, DATA_RICEVIMENTO, TESSERINO_DOCENTE, MATRICOLA_STUDENTE, DATA_PRENOTAZIONE)
VALUES ('000000000000003', TO_DATE('01/12/2019 18:00:00', 'DD/MM/YYYY HH24:MI:SS'),'111111', '111152', TO_DATE('01/12/2019 10:30:00', 'DD/MM/YYYY HH24:MI:SS'));

INSERT INTO PRENOTAZIONE_RICEVIMENTO(NUMERO_PRENOTAZIONE, DATA_RICEVIMENTO, TESSERINO_DOCENTE, MATRICOLA_STUDENTE, DATA_PRENOTAZIONE)
VALUES ('000000000000004', TO_DATE('08/12/2019 14:30:00', 'DD/MM/YYYY HH24:MI:SS'), '111112', '111150', TO_DATE('08/12/2019 09:00:00', 'DD/MM/YYYY HH24:MI:SS'));

INSERT INTO PRENOTAZIONE_RICEVIMENTO(NUMERO_PRENOTAZIONE, DATA_RICEVIMENTO, TESSERINO_DOCENTE, MATRICOLA_STUDENTE, DATA_PRENOTAZIONE)
VALUES ('000000000000005', TO_DATE('08/12/2019 16:00:00', 'DD/MM/YYYY HH24:MI:SS'), '111112', '111151', TO_DATE('08/12/2019 10:00:00', 'DD/MM/YYYY HH24:MI:SS'));

INSERT INTO PRENOTAZIONE_RICEVIMENTO(NUMERO_PRENOTAZIONE, DATA_RICEVIMENTO, TESSERINO_DOCENTE, MATRICOLA_STUDENTE, DATA_PRENOTAZIONE)
VALUES ('000000000000006', TO_DATE('08/12/2019 17:00:00', 'DD/MM/YYYY HH24:MI:SS'), '111112', '111152', TO_DATE('08/12/2019 10:30:00', 'DD/MM/YYYY HH24:MI:SS'));

INSERT INTO PRENOTAZIONE_RICEVIMENTO(NUMERO_PRENOTAZIONE, DATA_RICEVIMENTO, TESSERINO_DOCENTE, MATRICOLA_STUDENTE, DATA_PRENOTAZIONE)
VALUES ('000000000000007', TO_DATE('12/12/2019 15:00:00', 'DD/MM/YYYY HH24:MI:SS'), '111113', '111153', TO_DATE('12/12/2019 09:00:00', 'DD/MM/YYYY HH24:MI:SS'));

INSERT INTO PRENOTAZIONE_RICEVIMENTO(NUMERO_PRENOTAZIONE, DATA_RICEVIMENTO, TESSERINO_DOCENTE, MATRICOLA_STUDENTE, DATA_PRENOTAZIONE)
VALUES ('000000000000008', TO_DATE('12/12/2019 17:00:00', 'DD/MM/YYYY HH24:MI:SS'),'111113', '111154', TO_DATE('12/12/2019 10:00:00', 'DD/MM/YYYY HH24:MI:SS'));

INSERT INTO PRENOTAZIONE_RICEVIMENTO(NUMERO_PRENOTAZIONE, DATA_RICEVIMENTO, TESSERINO_DOCENTE, MATRICOLA_STUDENTE, DATA_PRENOTAZIONE)
VALUES ('000000000000009', TO_DATE('12/12/2019 17:30:00', 'DD/MM/YYYY HH24:MI:SS'), '111113', '111155', TO_DATE('12/12/2019 10:30:00', 'DD/MM/YYYY HH24:MI:SS'));

INSERT INTO PRENOTAZIONE_RICEVIMENTO(NUMERO_PRENOTAZIONE, DATA_RICEVIMENTO, TESSERINO_DOCENTE, MATRICOLA_STUDENTE, DATA_PRENOTAZIONE)
VALUES ('000000000000010', TO_DATE('14/12/2019 15:30:00', 'DD/MM/YYYY HH24:MI:SS'), '111114', '111156', TO_DATE('12/12/2019 09:00:00', 'DD/MM/YYYY HH24:MI:SS'));

INSERT INTO PRENOTAZIONE_RICEVIMENTO(NUMERO_PRENOTAZIONE, DATA_RICEVIMENTO, TESSERINO_DOCENTE, MATRICOLA_STUDENTE, DATA_PRENOTAZIONE)
VALUES ('000000000000011', TO_DATE('14/12/2019 17:00:00', 'DD/MM/YYYY HH24:MI:SS'), '111114', '111154', TO_DATE('14/12/2019 09:00:00', 'DD/MM/YYYY HH24:MI:SS'));

INSERT INTO PRENOTAZIONE_RICEVIMENTO(NUMERO_PRENOTAZIONE, DATA_RICEVIMENTO, TESSERINO_DOCENTE, MATRICOLA_STUDENTE, DATA_PRENOTAZIONE)
VALUES ('000000000000012', TO_DATE('14/12/2019 19:00:00', 'DD/MM/YYYY HH24:MI:SS'), '111114', '111155', TO_DATE('14/12/2019 09:00:00', 'DD/MM/YYYY HH24:MI:SS'));

INSERT INTO PRENOTAZIONE_RICEVIMENTO(NUMERO_PRENOTAZIONE, DATA_RICEVIMENTO, TESSERINO_DOCENTE, MATRICOLA_STUDENTE, DATA_PRENOTAZIONE)
VALUES ('000000000000013', TO_DATE('19/12/2019 14:00:00', 'DD/MM/YYYY HH24:MI:SS'), '111115', '111150', TO_DATE('19/12/2019 09:00:00', 'DD/MM/YYYY HH24:MI:SS'));

INSERT INTO PRENOTAZIONE_RICEVIMENTO(NUMERO_PRENOTAZIONE, DATA_RICEVIMENTO, TESSERINO_DOCENTE, MATRICOLA_STUDENTE, DATA_PRENOTAZIONE)
VALUES ('000000000000014', TO_DATE('19/12/2019 16:00:00', 'DD/MM/YYYY HH24:MI:SS'), '111115', '111151', TO_DATE('19/12/2019 10:00:00', 'DD/MM/YYYY HH24:MI:SS'));

INSERT INTO PRENOTAZIONE_RICEVIMENTO(NUMERO_PRENOTAZIONE, DATA_RICEVIMENTO, TESSERINO_DOCENTE, MATRICOLA_STUDENTE, DATA_PRENOTAZIONE)
VALUES ('000000000000015', TO_DATE('19/12/2019 17:30:00', 'DD/MM/YYYY HH24:MI:SS'), '111115', '111152', TO_DATE('19/12/2019 10:30:00', 'DD/MM/YYYY HH24:MI:SS'));


-- bando Erasmus
INSERT INTO BANDO_ERASMUS(NUMERO_BANDO_ERASMUS, SCADENZA, DATA_EMISSIONE, CFU, NUMERO_POSTI)
VALUES ('555555555555580', TO_DATE('01/06/2020', 'DD/MM/YYYY'), TO_DATE('01/03/2019', 'DD/MM/YYYY'), 60, 200);

INSERT INTO BANDO_ERASMUS(NUMERO_BANDO_ERASMUS, SCADENZA, DATA_EMISSIONE, CFU, NUMERO_POSTI)
VALUES ('555555555555581', TO_DATE('02/06/2020', 'DD/MM/YYYY'), TO_DATE('02/03/2019', 'DD/MM/YYYY'), 60, 200);

INSERT INTO BANDO_ERASMUS(NUMERO_BANDO_ERASMUS, SCADENZA, DATA_EMISSIONE, CFU, NUMERO_POSTI)
VALUES ('555555555555582', TO_DATE('03/06/2020', 'DD/MM/YYYY'), TO_DATE('03/03/2019', 'DD/MM/YYYY'), 60, 200);

INSERT INTO BANDO_ERASMUS(NUMERO_BANDO_ERASMUS, SCADENZA, DATA_EMISSIONE, CFU, NUMERO_POSTI)
VALUES ('555555555555583', TO_DATE('04/06/2020', 'DD/MM/YYYY'), TO_DATE('04/03/2019', 'DD/MM/YYYY'), 30, 150);

INSERT INTO BANDO_ERASMUS(NUMERO_BANDO_ERASMUS, SCADENZA, DATA_EMISSIONE, CFU, NUMERO_POSTI)
VALUES ('555555555555584', TO_DATE('05/06/2020', 'DD/MM/YYYY'), TO_DATE('05/03/2019', 'DD/MM/YYYY'), 30, 150);

INSERT INTO BANDO_ERASMUS(NUMERO_BANDO_ERASMUS, SCADENZA, DATA_EMISSIONE, CFU, NUMERO_POSTI)
VALUES ('555555555555585', TO_DATE('06/06/2020', 'DD/MM/YYYY'), TO_DATE('06/03/2019', 'DD/MM/YYYY'), 30, 150);

INSERT INTO BANDO_ERASMUS(NUMERO_BANDO_ERASMUS, SCADENZA, DATA_EMISSIONE, CFU, NUMERO_POSTI)
VALUES ('555555555555586', TO_DATE('07/06/2020', 'DD/MM/YYYY'), TO_DATE('07/03/2019', 'DD/MM/YYYY'), 60, 200);

INSERT INTO BANDO_ERASMUS(NUMERO_BANDO_ERASMUS, SCADENZA, DATA_EMISSIONE, CFU, NUMERO_POSTI)
VALUES ('555555555555587', TO_DATE('08/06/2020', 'DD/MM/YYYY'), TO_DATE('08/03/2019', 'DD/MM/YYYY'), 30, 150);

INSERT INTO BANDO_ERASMUS(NUMERO_BANDO_ERASMUS, SCADENZA, DATA_EMISSIONE, CFU, NUMERO_POSTI)
VALUES ('555555555555588', TO_DATE('09/06/2020', 'DD/MM/YYYY'), TO_DATE('09/03/2019', 'DD/MM/YYYY'), 60, 200);

INSERT INTO BANDO_ERASMUS(NUMERO_BANDO_ERASMUS, SCADENZA, DATA_EMISSIONE, CFU, NUMERO_POSTI)
VALUES ('555555555555589', TO_DATE('10/06/2020', 'DD/MM/YYYY'), TO_DATE('10/03/2019', 'DD/MM/YYYY'), 60, 200);

INSERT INTO BANDO_ERASMUS(NUMERO_BANDO_ERASMUS, SCADENZA, DATA_EMISSIONE, CFU, NUMERO_POSTI)
VALUES ('555555555555590', TO_DATE('11/06/2020', 'DD/MM/YYYY'), TO_DATE('11/03/2019', 'DD/MM/YYYY'), 60, 200);

INSERT INTO BANDO_ERASMUS(NUMERO_BANDO_ERASMUS, SCADENZA, DATA_EMISSIONE, CFU, NUMERO_POSTI)
VALUES ('555555555555591', TO_DATE('12/06/2020', 'DD/MM/YYYY'), TO_DATE('12/03/2019', 'DD/MM/YYYY'), 60, 200);

INSERT INTO BANDO_ERASMUS(NUMERO_BANDO_ERASMUS, SCADENZA, DATA_EMISSIONE, CFU, NUMERO_POSTI)
VALUES ('555555555555592', TO_DATE('13/06/2020', 'DD/MM/YYYY'), TO_DATE('13/03/2019', 'DD/MM/YYYY'), 30, 150);

INSERT INTO BANDO_ERASMUS(NUMERO_BANDO_ERASMUS, SCADENZA, DATA_EMISSIONE, CFU, NUMERO_POSTI)
VALUES ('555555555555593', TO_DATE('14/06/2020', 'DD/MM/YYYY'), TO_DATE('14/03/2019', 'DD/MM/YYYY'), 30, 150);

INSERT INTO BANDO_ERASMUS(NUMERO_BANDO_ERASMUS, SCADENZA, DATA_EMISSIONE, CFU, NUMERO_POSTI)
VALUES ('555555555555594', TO_DATE('15/06/2020', 'DD/MM/YYYY'), TO_DATE('15/03/2019', 'DD/MM/YYYY'), 30, 150);


-- partecipazione bando Erasmus
INSERT INTO PARTECIPAZIONE_BANDO_ERASMUS(NUMERO_BANDO_ERASMUS, MATRICOLA_STUDENTE, DATA_DOMANDA)
VALUES ('555555555555580', '111150', TO_DATE('01/11/2019', 'DD/MM/YYYY'));

INSERT INTO PARTECIPAZIONE_BANDO_ERASMUS(NUMERO_BANDO_ERASMUS, MATRICOLA_STUDENTE, DATA_DOMANDA)
VALUES ('555555555555580', '111151', TO_DATE('02/11/2019', 'DD/MM/YYYY'));

INSERT INTO PARTECIPAZIONE_BANDO_ERASMUS(NUMERO_BANDO_ERASMUS, MATRICOLA_STUDENTE, DATA_DOMANDA)
VALUES ('555555555555580', '111152', TO_DATE('03/11/2019', 'DD/MM/YYYY'));

INSERT INTO PARTECIPAZIONE_BANDO_ERASMUS(NUMERO_BANDO_ERASMUS, MATRICOLA_STUDENTE, DATA_DOMANDA)
VALUES ('555555555555580', '111153', TO_DATE('04/11/2019', 'DD/MM/YYYY'));

INSERT INTO PARTECIPAZIONE_BANDO_ERASMUS(NUMERO_BANDO_ERASMUS, MATRICOLA_STUDENTE, DATA_DOMANDA)
VALUES ('555555555555580', '111154', TO_DATE('05/11/2019', 'DD/MM/YYYY'));

INSERT INTO PARTECIPAZIONE_BANDO_ERASMUS(NUMERO_BANDO_ERASMUS, MATRICOLA_STUDENTE, DATA_DOMANDA)
VALUES ('555555555555580', '111155', TO_DATE('06/11/2019', 'DD/MM/YYYY'));

INSERT INTO PARTECIPAZIONE_BANDO_ERASMUS(NUMERO_BANDO_ERASMUS, MATRICOLA_STUDENTE, DATA_DOMANDA)
VALUES ('555555555555581', '111156', TO_DATE('05/12/2019', 'DD/MM/YYYY'));

INSERT INTO PARTECIPAZIONE_BANDO_ERASMUS(NUMERO_BANDO_ERASMUS, MATRICOLA_STUDENTE, DATA_DOMANDA)
VALUES ('555555555555581', '111157', TO_DATE('06/12/2019', 'DD/MM/YYYY'));

INSERT INTO PARTECIPAZIONE_BANDO_ERASMUS(NUMERO_BANDO_ERASMUS, MATRICOLA_STUDENTE, DATA_DOMANDA)
VALUES ('555555555555581', '111170', TO_DATE('07/12/2019', 'DD/MM/YYYY'));

INSERT INTO PARTECIPAZIONE_BANDO_ERASMUS(NUMERO_BANDO_ERASMUS, MATRICOLA_STUDENTE, DATA_DOMANDA)
VALUES ('555555555555582', '111159', TO_DATE('08/11/2019', 'DD/MM/YYYY'));

INSERT INTO PARTECIPAZIONE_BANDO_ERASMUS(NUMERO_BANDO_ERASMUS, MATRICOLA_STUDENTE, DATA_DOMANDA)
VALUES ('555555555555582', '111160', TO_DATE('09/11/2019', 'DD/MM/YYYY'));

INSERT INTO PARTECIPAZIONE_BANDO_ERASMUS(NUMERO_BANDO_ERASMUS, MATRICOLA_STUDENTE, DATA_DOMANDA)
VALUES ('555555555555582', '111161', TO_DATE('10/11/2019', 'DD/MM/YYYY'));

INSERT INTO PARTECIPAZIONE_BANDO_ERASMUS(NUMERO_BANDO_ERASMUS, MATRICOLA_STUDENTE, DATA_DOMANDA)
VALUES ('555555555555582', '111162', TO_DATE('11/11/2019', 'DD/MM/YYYY'));

INSERT INTO PARTECIPAZIONE_BANDO_ERASMUS(NUMERO_BANDO_ERASMUS, MATRICOLA_STUDENTE, DATA_DOMANDA)
VALUES ('555555555555582', '111163', TO_DATE('12/11/2019', 'DD/MM/YYYY'));

INSERT INTO PARTECIPAZIONE_BANDO_ERASMUS(NUMERO_BANDO_ERASMUS, MATRICOLA_STUDENTE, DATA_DOMANDA)
VALUES ('555555555555582', '111164', TO_DATE('13/11/2019', 'DD/MM/YYYY'));


-- assegnazione bando Erasmus
INSERT INTO ASSEGNAZIONE_ERASMUS(NUMERO_BANDO_ERASMUS, MATRICOLA_STUDENTE, DATA_ASSEGNAZIONE, LOCALITA, NOME_UNIVERSITA, DATA_PARTENZA, DATA_RIENTRO)
VALUES ('555555555555580', '111150', TO_DATE('01/06/2019', 'DD/MM/YYYY'), 'CADICE', 'UNIVERSIDAD DE CADIZ', TO_DATE('10/09/2019', 'DD/MM/YYYY'), TO_DATE('10/02/2020', 'DD/MM/YYYY'));

INSERT INTO ASSEGNAZIONE_ERASMUS(NUMERO_BANDO_ERASMUS, MATRICOLA_STUDENTE, DATA_ASSEGNAZIONE, LOCALITA, NOME_UNIVERSITA, DATA_PARTENZA, DATA_RIENTRO)
VALUES ('555555555555580', '111151', TO_DATE('02/06/2019', 'DD/MM/YYYY'), 'CADICE', 'UNIVERSIDAD DE CADIZ', TO_DATE('11/09/2019', 'DD/MM/YYYY'), TO_DATE('11/02/2020', 'DD/MM/YYYY'));

INSERT INTO ASSEGNAZIONE_ERASMUS(NUMERO_BANDO_ERASMUS, MATRICOLA_STUDENTE, DATA_ASSEGNAZIONE, LOCALITA, NOME_UNIVERSITA, DATA_PARTENZA, DATA_RIENTRO)
VALUES ('555555555555580', '111152', TO_DATE('03/06/2019', 'DD/MM/YYYY'), 'CADICE', 'UNIVERSIDAD DE CADIZ', TO_DATE('12/09/2019', 'DD/MM/YYYY'), TO_DATE('12/02/2020', 'DD/MM/YYYY'));

INSERT INTO ASSEGNAZIONE_ERASMUS(NUMERO_BANDO_ERASMUS, MATRICOLA_STUDENTE, DATA_ASSEGNAZIONE, LOCALITA, NOME_UNIVERSITA, DATA_PARTENZA, DATA_RIENTRO)
VALUES ('555555555555580', '111153', TO_DATE('04/06/2019', 'DD/MM/YYYY'), 'CADICE', 'UNIVERSIDAD DE CADIZ', TO_DATE('13/09/2019', 'DD/MM/YYYY'), TO_DATE('13/02/2020', 'DD/MM/YYYY'));

INSERT INTO ASSEGNAZIONE_ERASMUS(NUMERO_BANDO_ERASMUS, MATRICOLA_STUDENTE, DATA_ASSEGNAZIONE, LOCALITA, NOME_UNIVERSITA, DATA_PARTENZA, DATA_RIENTRO)
VALUES ('555555555555580', '111154', TO_DATE('05/06/2019', 'DD/MM/YYYY'), 'CADICE', 'UNIVERSIDAD DE CADIZ', TO_DATE('14/09/2019', 'DD/MM/YYYY'), TO_DATE('14/02/2020', 'DD/MM/YYYY'));

INSERT INTO ASSEGNAZIONE_ERASMUS(NUMERO_BANDO_ERASMUS, MATRICOLA_STUDENTE, DATA_ASSEGNAZIONE, LOCALITA, NOME_UNIVERSITA, DATA_PARTENZA, DATA_RIENTRO)
VALUES ('555555555555580', '111155', TO_DATE('06/06/2019', 'DD/MM/YYYY'), 'CADICE', 'UNIVERSIDAD DE CADIZ', TO_DATE('15/09/2019', 'DD/MM/YYYY'), TO_DATE('15/02/2020', 'DD/MM/YYYY'));

INSERT INTO ASSEGNAZIONE_ERASMUS(NUMERO_BANDO_ERASMUS, MATRICOLA_STUDENTE, DATA_ASSEGNAZIONE, LOCALITA, NOME_UNIVERSITA, DATA_PARTENZA, DATA_RIENTRO)
VALUES ('555555555555581', '111156', TO_DATE('05/07/2019', 'DD/MM/YYYY'), 'LAS PALMAS', 'UNIVERSIDAD DE PALMAS', TO_DATE('10/09/2019', 'DD/MM/YYYY'), TO_DATE('10/02/2020', 'DD/MM/YYYY'));

INSERT INTO ASSEGNAZIONE_ERASMUS(NUMERO_BANDO_ERASMUS, MATRICOLA_STUDENTE, DATA_ASSEGNAZIONE, LOCALITA, NOME_UNIVERSITA, DATA_PARTENZA, DATA_RIENTRO)
VALUES ('555555555555581', '111157', TO_DATE('06/07/2019', 'DD/MM/YYYY'), 'LAS PALMAS', 'UNIVERSIDAD DE PALMAS', TO_DATE('11/09/2019', 'DD/MM/YYYY'), TO_DATE('11/02/2020', 'DD/MM/YYYY'));

INSERT INTO ASSEGNAZIONE_ERASMUS(NUMERO_BANDO_ERASMUS, MATRICOLA_STUDENTE, DATA_ASSEGNAZIONE, LOCALITA, NOME_UNIVERSITA, DATA_PARTENZA, DATA_RIENTRO)
VALUES ('555555555555581', '111170', TO_DATE('07/07/2019', 'DD/MM/YYYY'), 'LAS PALMAS', 'UNIVERSIDAD DE PALMAS', TO_DATE('12/09/2019', 'DD/MM/YYYY'), TO_DATE('12/02/2020', 'DD/MM/YYYY'));

INSERT INTO ASSEGNAZIONE_ERASMUS(NUMERO_BANDO_ERASMUS, MATRICOLA_STUDENTE, DATA_ASSEGNAZIONE, LOCALITA, NOME_UNIVERSITA, DATA_PARTENZA, DATA_RIENTRO)
VALUES ('555555555555582', '111159', TO_DATE('08/07/2019', 'DD/MM/YYYY'), 'SIVIGLIA', 'UNIVERSIDAD DE SEVILLA', TO_DATE('10/09/2019', 'DD/MM/YYYY'), TO_DATE('10/02/2020', 'DD/MM/YYYY'));

INSERT INTO ASSEGNAZIONE_ERASMUS(NUMERO_BANDO_ERASMUS, MATRICOLA_STUDENTE, DATA_ASSEGNAZIONE, LOCALITA, NOME_UNIVERSITA, DATA_PARTENZA, DATA_RIENTRO)
VALUES ('555555555555582', '111160', TO_DATE('09/07/2019', 'DD/MM/YYYY'), 'SIVIGLIA', 'UNIVERSIDAD DE SEVILLA', TO_DATE('11/09/2019', 'DD/MM/YYYY'), TO_DATE('11/02/2020', 'DD/MM/YYYY'));

INSERT INTO ASSEGNAZIONE_ERASMUS(NUMERO_BANDO_ERASMUS, MATRICOLA_STUDENTE, DATA_ASSEGNAZIONE, LOCALITA, NOME_UNIVERSITA, DATA_PARTENZA, DATA_RIENTRO)
VALUES ('555555555555582', '111161', TO_DATE('10/07/2019', 'DD/MM/YYYY'), 'SIVIGLIA', 'UNIVERSIDAD DE SEVILLA', TO_DATE('12/09/2019', 'DD/MM/YYYY'), TO_DATE('12/02/2020', 'DD/MM/YYYY'));

INSERT INTO ASSEGNAZIONE_ERASMUS(NUMERO_BANDO_ERASMUS, MATRICOLA_STUDENTE, DATA_ASSEGNAZIONE, LOCALITA, NOME_UNIVERSITA, DATA_PARTENZA, DATA_RIENTRO)
VALUES ('555555555555582', '111162', TO_DATE('11/07/2019', 'DD/MM/YYYY'), 'SIVIGLIA', 'UNIVERSIDAD DE SEVILLA', TO_DATE('13/09/2019', 'DD/MM/YYYY'), TO_DATE('13/02/2020', 'DD/MM/YYYY'));

INSERT INTO ASSEGNAZIONE_ERASMUS(NUMERO_BANDO_ERASMUS, MATRICOLA_STUDENTE, DATA_ASSEGNAZIONE, LOCALITA, NOME_UNIVERSITA, DATA_PARTENZA, DATA_RIENTRO)
VALUES ('555555555555582', '111163', TO_DATE('12/07/2019', 'DD/MM/YYYY'), 'SIVIGLIA', 'UNIVERSIDAD DE SEVILLA', TO_DATE('14/09/2019', 'DD/MM/YYYY'), TO_DATE('14/02/2020', 'DD/MM/YYYY'));

INSERT INTO ASSEGNAZIONE_ERASMUS(NUMERO_BANDO_ERASMUS, MATRICOLA_STUDENTE, DATA_ASSEGNAZIONE, LOCALITA, NOME_UNIVERSITA, DATA_PARTENZA, DATA_RIENTRO)
VALUES ('555555555555582', '111164', TO_DATE('13/07/2019', 'DD/MM/YYYY'), 'SIVIGLIA', 'UNIVERSIDAD DE SEVILLA', TO_DATE('15/09/2019', 'DD/MM/YYYY'), TO_DATE('15/02/2020', 'DD/MM/YYYY'));


-- bando borsa di studio
INSERT INTO BANDO_BORSA(NUMERO_BANDO_BORSA, SCADENZA, DATA_EMISSIONE, VALORE, CAUSALE, TIPO, NUMERO_BORSE)
VALUES ('555555555555595', TO_DATE('20/09/2020', 'DD/MM/YYYY'), TO_DATE('20/09/2019', 'DD/MM/YYYY'), 1000, 'VINCITORE POR/FSE', 'VINCITORE FONDO POR/FSE', 1000);
                                    
INSERT INTO BANDO_BORSA(NUMERO_BANDO_BORSA, SCADENZA, DATA_EMISSIONE, VALORE, CAUSALE, TIPO, NUMERO_BORSE)
VALUES ('555555555555596', TO_DATE('21/09/2020', 'DD/MM/YYYY'), TO_DATE('21/09/2019', 'DD/MM/YYYY'), 1000, 'MIGLIOR STUDENTE ANNO', 'FONDI ATENEO', 1000);

INSERT INTO BANDO_BORSA(NUMERO_BANDO_BORSA, SCADENZA, DATA_EMISSIONE, VALORE, CAUSALE, TIPO, NUMERO_BORSE)
VALUES ('555555555555597', TO_DATE('22/09/2020', 'DD/MM/YYYY'), TO_DATE('22/09/2019', 'DD/MM/YYYY'), 1000, 'VINCITORE BORSA ATENEO', 'FONDI ATENEO', 1000);

INSERT INTO BANDO_BORSA(NUMERO_BANDO_BORSA, SCADENZA, DATA_EMISSIONE, VALORE, CAUSALE, TIPO, NUMERO_BORSE)
VALUES ('555555555555598', TO_DATE('23/09/2020', 'DD/MM/YYYY'), TO_DATE('23/09/2019', 'DD/MM/YYYY'), 2000, 'MIGLIOR STUDENTE REGIONE', 'REGIONE CAMPANIA', 1000);

INSERT INTO BANDO_BORSA(NUMERO_BANDO_BORSA, SCADENZA, DATA_EMISSIONE, VALORE, CAUSALE, TIPO, NUMERO_BORSE)
VALUES ('555555555555599', TO_DATE('24/09/2020', 'DD/MM/YYYY'), TO_DATE('24/09/2019', 'DD/MM/YYYY'), 1500, 'VINCITORE POR/FSE', 'VINCITORE FONDO POR/FSE', 1000);

INSERT INTO BANDO_BORSA(NUMERO_BANDO_BORSA, SCADENZA, DATA_EMISSIONE, VALORE, CAUSALE, TIPO, NUMERO_BORSE)
VALUES ('555555555555600', TO_DATE('25/09/2020', 'DD/MM/YYYY'), TO_DATE('25/09/2019', 'DD/MM/YYYY'), 1500, 'MIGLIOR STUDENTE ANNO', 'FONDI ATENEO', 1000);

INSERT INTO BANDO_BORSA(NUMERO_BANDO_BORSA, SCADENZA, DATA_EMISSIONE, VALORE, CAUSALE, TIPO, NUMERO_BORSE)
VALUES ('555555555555601', TO_DATE('26/09/2020', 'DD/MM/YYYY'), TO_DATE('26/09/2019', 'DD/MM/YYYY'), 2000, 'VINCITORE BORSA ATENEO', 'FONDI ATENEO', 1000);

INSERT INTO BANDO_BORSA(NUMERO_BANDO_BORSA, SCADENZA, DATA_EMISSIONE, VALORE, CAUSALE, TIPO, NUMERO_BORSE)
VALUES ('555555555555602', TO_DATE('27/09/2020', 'DD/MM/YYYY'), TO_DATE('27/09/2019', 'DD/MM/YYYY'), 2500, 'MIGLIOR STUDENTE REGIONE', 'REGIONE CAMPANIA', 1000);

INSERT INTO BANDO_BORSA(NUMERO_BANDO_BORSA, SCADENZA, DATA_EMISSIONE, VALORE, CAUSALE, TIPO, NUMERO_BORSE)
VALUES ('555555555555603', TO_DATE('28/09/2020', 'DD/MM/YYYY'), TO_DATE('28/09/2019', 'DD/MM/YYYY'), 1000, 'VINCITORE POR/FSE', 'VINCITORE FONDO POR/FSE', 1000);

INSERT INTO BANDO_BORSA(NUMERO_BANDO_BORSA, SCADENZA, DATA_EMISSIONE, VALORE, CAUSALE, TIPO, NUMERO_BORSE)
VALUES ('555555555555604', TO_DATE('29/09/2020', 'DD/MM/YYYY'), TO_DATE('29/09/2019', 'DD/MM/YYYY'), 1000, 'MIGLIOR STUDENTE ANNO', 'FONDI ATENEO', 1000);

INSERT INTO BANDO_BORSA(NUMERO_BANDO_BORSA, SCADENZA, DATA_EMISSIONE, VALORE, CAUSALE, TIPO, NUMERO_BORSE)
VALUES ('555555555555605', TO_DATE('01/09/2021', 'DD/MM/YYYY'), TO_DATE('01/09/2020', 'DD/MM/YYYY'), 1000, 'VINCITORE BORSA ATENEO', 'FONDI ATENEO', 1000);

INSERT INTO BANDO_BORSA(NUMERO_BANDO_BORSA, SCADENZA, DATA_EMISSIONE, VALORE, CAUSALE, TIPO, NUMERO_BORSE)
VALUES ('555555555555606', TO_DATE('02/09/2021', 'DD/MM/YYYY'), TO_DATE('02/09/2020', 'DD/MM/YYYY'), 1000, 'MIGLIOR STUDENTE REGIONE', 'REGIONE CAMPANIA', 1000);

INSERT INTO BANDO_BORSA(NUMERO_BANDO_BORSA, SCADENZA, DATA_EMISSIONE, VALORE, CAUSALE, TIPO, NUMERO_BORSE)
VALUES ('555555555555607', TO_DATE('03/09/2021', 'DD/MM/YYYY'), TO_DATE('03/10/2020', 'DD/MM/YYYY'), 1000, 'VINCITORE POR/FSE', 'VINCITORE FONDO POR/FSE', 1000);

INSERT INTO BANDO_BORSA(NUMERO_BANDO_BORSA, SCADENZA, DATA_EMISSIONE, VALORE, CAUSALE, TIPO, NUMERO_BORSE)
VALUES ('555555555555608', TO_DATE('04/09/2021', 'DD/MM/YYYY'), TO_DATE('04/10/2020', 'DD/MM/YYYY'), 1000, 'VINCITORE BORSA ATENEO', 'FONDI ATENEO', 1000);

INSERT INTO BANDO_BORSA(NUMERO_BANDO_BORSA, SCADENZA, DATA_EMISSIONE, VALORE, CAUSALE, TIPO, NUMERO_BORSE)
VALUES ('555555555555609', TO_DATE('05/09/2021', 'DD/MM/YYYY'), TO_DATE('05/10/2020', 'DD/MM/YYYY'), 1000, 'MIGLIOR STUDENTE REGIONE', 'REGIONE CAMPANIA', 1000);


-- partecipazione bando borsa di studio
INSERT INTO PARTECIPAZIONE_BANDO_BORSA(NUMERO_BANDO_BORSA, MATRICOLA_STUDENTE, DATA_DOMANDA)
VALUES ('555555555555595', '111150', TO_DATE('01/10/2019', 'DD/MM/YYYY'));

INSERT INTO PARTECIPAZIONE_BANDO_BORSA(NUMERO_BANDO_BORSA, MATRICOLA_STUDENTE, DATA_DOMANDA)
VALUES ('555555555555596', '111151', TO_DATE('02/10/2019', 'DD/MM/YYYY'));

INSERT INTO PARTECIPAZIONE_BANDO_BORSA(NUMERO_BANDO_BORSA, MATRICOLA_STUDENTE, DATA_DOMANDA)
VALUES ('555555555555597', '111152', TO_DATE('03/10/2019', 'DD/MM/YYYY'));

INSERT INTO PARTECIPAZIONE_BANDO_BORSA(NUMERO_BANDO_BORSA, MATRICOLA_STUDENTE, DATA_DOMANDA)
VALUES ('555555555555598', '111153', TO_DATE('04/10/2019', 'DD/MM/YYYY'));

INSERT INTO PARTECIPAZIONE_BANDO_BORSA(NUMERO_BANDO_BORSA, MATRICOLA_STUDENTE, DATA_DOMANDA)
VALUES ('555555555555599', '111154', TO_DATE('05/10/2019', 'DD/MM/YYYY'));

INSERT INTO PARTECIPAZIONE_BANDO_BORSA(NUMERO_BANDO_BORSA, MATRICOLA_STUDENTE, DATA_DOMANDA)
VALUES ('555555555555600', '111155', TO_DATE('06/10/2019', 'DD/MM/YYYY'));

INSERT INTO PARTECIPAZIONE_BANDO_BORSA(NUMERO_BANDO_BORSA, MATRICOLA_STUDENTE, DATA_DOMANDA)
VALUES ('555555555555601', '111156', TO_DATE('05/10/2019', 'DD/MM/YYYY'));

INSERT INTO PARTECIPAZIONE_BANDO_BORSA(NUMERO_BANDO_BORSA, MATRICOLA_STUDENTE, DATA_DOMANDA)
VALUES ('555555555555602', '111157', TO_DATE('06/10/2019', 'DD/MM/YYYY'));

INSERT INTO PARTECIPAZIONE_BANDO_BORSA(NUMERO_BANDO_BORSA, MATRICOLA_STUDENTE, DATA_DOMANDA)
VALUES ('555555555555603', '111170', TO_DATE('07/10/2019', 'DD/MM/YYYY'));

INSERT INTO PARTECIPAZIONE_BANDO_BORSA(NUMERO_BANDO_BORSA, MATRICOLA_STUDENTE, DATA_DOMANDA)
VALUES ('555555555555604', '111159', TO_DATE('08/10/2019', 'DD/MM/YYYY'));

INSERT INTO PARTECIPAZIONE_BANDO_BORSA(NUMERO_BANDO_BORSA, MATRICOLA_STUDENTE, DATA_DOMANDA)
VALUES ('555555555555605', '111160', TO_DATE('09/10/2019', 'DD/MM/YYYY'));

INSERT INTO PARTECIPAZIONE_BANDO_BORSA(NUMERO_BANDO_BORSA, MATRICOLA_STUDENTE, DATA_DOMANDA)
VALUES ('555555555555606', '111161', TO_DATE('10/10/2019', 'DD/MM/YYYY'));

INSERT INTO PARTECIPAZIONE_BANDO_BORSA(NUMERO_BANDO_BORSA, MATRICOLA_STUDENTE, DATA_DOMANDA)
VALUES ('555555555555607', '111162', TO_DATE('11/10/2019', 'DD/MM/YYYY'));

INSERT INTO PARTECIPAZIONE_BANDO_BORSA(NUMERO_BANDO_BORSA, MATRICOLA_STUDENTE, DATA_DOMANDA)
VALUES ('555555555555608', '111163', TO_DATE('12/10/2019', 'DD/MM/YYYY'));

INSERT INTO PARTECIPAZIONE_BANDO_BORSA(NUMERO_BANDO_BORSA, MATRICOLA_STUDENTE, DATA_DOMANDA)
VALUES ('555555555555609', '111164', TO_DATE('13/10/2019', 'DD/MM/YYYY'));


-- assegnazione bando borsa di studio
INSERT INTO ASSEGNAZIONE_BORSE(NUMERO_BANDO_BORSA, MATRICOLA_STUDENTE, DATA_ASSEGNAZIONE)
VALUES ('555555555555595', '111150', TO_DATE('01/11/2019', 'DD/MM/YYYY'));

INSERT INTO ASSEGNAZIONE_BORSE(NUMERO_BANDO_BORSA, MATRICOLA_STUDENTE, DATA_ASSEGNAZIONE)
VALUES ('555555555555596', '111151', TO_DATE('02/11/2019', 'DD/MM/YYYY'));

INSERT INTO ASSEGNAZIONE_BORSE(NUMERO_BANDO_BORSA, MATRICOLA_STUDENTE, DATA_ASSEGNAZIONE)
VALUES ('555555555555597', '111152', TO_DATE('03/11/2019', 'DD/MM/YYYY'));

INSERT INTO ASSEGNAZIONE_BORSE(NUMERO_BANDO_BORSA, MATRICOLA_STUDENTE, DATA_ASSEGNAZIONE)
VALUES ('555555555555598', '111153', TO_DATE('04/11/2019', 'DD/MM/YYYY'));

INSERT INTO ASSEGNAZIONE_BORSE(NUMERO_BANDO_BORSA, MATRICOLA_STUDENTE, DATA_ASSEGNAZIONE)
VALUES ('555555555555599', '111154', TO_DATE('05/11/2019', 'DD/MM/YYYY'));

INSERT INTO ASSEGNAZIONE_BORSE(NUMERO_BANDO_BORSA, MATRICOLA_STUDENTE, DATA_ASSEGNAZIONE)
VALUES ('555555555555600', '111155', TO_DATE('06/11/2019', 'DD/MM/YYYY'));

INSERT INTO ASSEGNAZIONE_BORSE(NUMERO_BANDO_BORSA, MATRICOLA_STUDENTE, DATA_ASSEGNAZIONE)
VALUES ('555555555555601', '111156', TO_DATE('05/11/2019', 'DD/MM/YYYY'));

INSERT INTO ASSEGNAZIONE_BORSE(NUMERO_BANDO_BORSA, MATRICOLA_STUDENTE, DATA_ASSEGNAZIONE)
VALUES ('555555555555602', '111157', TO_DATE('06/11/2019', 'DD/MM/YYYY'));

INSERT INTO ASSEGNAZIONE_BORSE(NUMERO_BANDO_BORSA, MATRICOLA_STUDENTE, DATA_ASSEGNAZIONE)
VALUES ('555555555555603', '111170', TO_DATE('07/11/2019', 'DD/MM/YYYY'));

INSERT INTO ASSEGNAZIONE_BORSE(NUMERO_BANDO_BORSA, MATRICOLA_STUDENTE, DATA_ASSEGNAZIONE)
VALUES ('555555555555604', '111159', TO_DATE('08/11/2019', 'DD/MM/YYYY'));

INSERT INTO ASSEGNAZIONE_BORSE(NUMERO_BANDO_BORSA, MATRICOLA_STUDENTE, DATA_ASSEGNAZIONE)
VALUES ('555555555555605', '111160', TO_DATE('09/11/2019', 'DD/MM/YYYY'));

INSERT INTO ASSEGNAZIONE_BORSE(NUMERO_BANDO_BORSA, MATRICOLA_STUDENTE, DATA_ASSEGNAZIONE)
VALUES ('555555555555606', '111161', TO_DATE('10/11/2019', 'DD/MM/YYYY'));

INSERT INTO ASSEGNAZIONE_BORSE(NUMERO_BANDO_BORSA, MATRICOLA_STUDENTE, DATA_ASSEGNAZIONE)
VALUES ('555555555555607', '111162', TO_DATE('11/11/2019', 'DD/MM/YYYY'));

INSERT INTO ASSEGNAZIONE_BORSE(NUMERO_BANDO_BORSA, MATRICOLA_STUDENTE, DATA_ASSEGNAZIONE)
VALUES ('555555555555608', '111163', TO_DATE('12/11/2019', 'DD/MM/YYYY'));

INSERT INTO ASSEGNAZIONE_BORSE(NUMERO_BANDO_BORSA, MATRICOLA_STUDENTE, DATA_ASSEGNAZIONE)
VALUES ('555555555555609', '111164', TO_DATE('13/11/2019', 'DD/MM/YYYY'));
